index,raw_len
0,60
1,60
2,60
3,60
4,60
5,60
6,60
7,60
8,457
9,457
10,458
11,458
12,458
13,458
14,458
15,457
16,458
17,458
18,458
19,60
20,60
21,60
22,60
23,60
24,60
25,60
26,60
27,60
28,458
29,458
30,458
31,457
32,458
33,458
34,60
35,60
36,60
37,60
38,60
39,60
40,60
41,60
42,60
43,60
44,60
45,60
46,60
47,60
48,60
49,60
50,60
51,60
52,458
53,60
54,60
55,60
56,60
57,60
58,60
59,60
60,60
61,60
62,60
63,60
64,60
65,70
66,70
67,70
68,70
69,70
70,70
71,70
72,70
73,70
74,60
75,70
76,70
77,70
78,70
79,70
80,70
81,70
82,70
83,70
84,60
85,60
86,60
87,60
88,60
89,60
90,60
91,60
92,60
93,60
94,60
95,110
96,110
97,104
98,104
99,123
100,123
101,123
102,123
103,173
104,173
105,173
106,173
107,74
108,74
109,74
110,74
111,90
112,90
113,90
114,90
115,175
116,175
117,216
118,216
119,177
120,177
121,177
122,177
123,66
124,66
125,66
126,66
127,60
128,60
129,214
130,214
131,162
132,162
133,222
134,222
135,322
136,322
137,66
138,66
139,66
140,66
141,60
142,60
143,214
144,214
145,162
146,162
147,204
148,204
149,90
150,90
151,266
152,266
153,98
154,98
155,187
156,187
157,130
158,130
159,302
160,302
161,174
162,174
163,66
164,66
165,66
166,66
167,60
168,60
169,213
170,213
171,306
172,306
173,162
174,162
175,306
176,306
177,66
178,66
179,66
180,66
181,60
182,60
183,287
184,287
185,261
186,261
187,60
188,60
189,60
190,60
191,60
192,60
193,66
194,66
195,66
196,66
197,60
198,60
199,367
200,367
201,1586
202,1586
203,60
204,60
205,60
206,60
207,60
208,60
209,60
210,60
211,66
212,66
213,66
214,66
215,60
216,60
217,1606
218,1606
219,60
220,60
221,1572
222,1572
223,60
224,60
225,60
226,60
227,60
228,60
229,60
230,60
231,66
232,66
233,66
234,66
235,60
236,60
237,1451
238,1451
239,1464
240,1464
241,60
242,60
243,60
244,60
245,60
246,60
247,1514
248,3126
249,1666
250,60
251,60
252,314
253,314
254,172
255,172
256,138
257,138
258,182
259,182
260,260
261,260
262,60
263,60
264,60
265,60
266,60
267,60
268,60
269,60
270,60
271,60
272,113
273,113
274,163
275,163
276,175
277,175
278,177
279,177
280,60
281,60
282,66
283,66
284,66
285,66
286,60
287,60
288,398
289,398
290,1514
291,2566
292,1228
293,60
294,60
295,60
296,60
297,66
298,66
299,66
300,66
301,60
302,60
303,1619
304,1619
305,60
306,60
307,1578
308,1578
309,60
310,60
311,60
312,60
313,60
314,60
315,60
316,60
317,1720
318,1720
319,60
320,60
321,257
322,257
323,97
324,97
325,60
326,60
327,60
328,60
329,60
330,60
331,60
332,60
333,990
334,990
335,1006
336,1006
337,60
338,60
339,110
340,110
341,104
342,104
343,95
344,152
345,104
346,104
347,104
348,104
349,104
350,104
351,104
352,104
353,104
354,84
355,84
356,84
357,84
358,84
359,84
360,84
361,84
362,84
363,104
364,104
365,104
366,104
367,104
368,104
369,104
370,104
371,104
372,84
373,84
374,84
375,84
376,84
377,84
378,84
379,84
380,84
381,60
382,60
383,60
384,60
385,60
386,60
387,60
388,60
389,60
390,60
391,458
392,152
393,152
394,152
395,152
396,152
397,152
398,152
399,152
400,152
401,152
402,152
403,152
404,152
405,152
406,152
407,152
408,152
409,152
410,132
411,132
412,132
413,132
414,132
415,132
416,132
417,132
418,132
419,132
420,132
421,132
422,132
423,132
424,132
425,132
426,132
427,132
428,152
429,92
430,152
431,152
432,152
433,152
434,152
435,152
436,152
437,152
438,132
439,152
440,152
441,152
442,152
443,152
444,152
445,152
446,152
447,152
448,132
449,132
450,132
451,132
452,132
453,132
454,132
455,132
456,132
457,105
458,132
459,132
460,132
461,132
462,132
463,132
464,132
465,132
466,105
467,105
468,105
469,105
470,105
471,105
472,105
473,105
474,85
475,85
476,85
477,85
478,85
479,85
480,85
481,85
482,85
483,70
484,152
485,105
486,152
487,152
488,152
489,152
490,152
491,152
492,152
493,152
494,105
495,132
496,105
497,105
498,105
499,105
500,105
501,105
502,105
503,152
504,152
505,152
506,152
507,152
508,152
509,152
510,152
511,152
512,152
513,152
514,152
515,152
516,152
517,152
518,132
519,132
520,152
521,132
522,152
523,132
524,132
525,152
526,132
527,132
528,152
529,132
530,85
531,152
532,132
533,85
534,152
535,85
536,85
537,152
538,85
539,85
540,152
541,85
542,85
543,152
544,85
545,132
546,132
547,152
548,132
549,132
550,152
551,132
552,132
553,152
554,132
555,132
556,132
557,132
558,132
559,132
560,132
561,132
562,132
563,132
564,132
565,132
566,132
567,132
568,132
569,132
570,132
571,132
572,132
573,132
574,458
575,92
576,70
577,458
578,60
579,60
580,458
581,92
582,70
583,82
584,82
585,148
586,148
587,145
588,145
589,145
590,145
591,85
592,85
593,162
594,162
595,168
596,168
597,168
598,168
599,457
600,458
601,458
602,66
603,66
604,66
605,66
606,60
607,60
608,274
609,274
610,232
611,232
612,60
613,60
614,60
615,60
616,60
617,60
618,457
619,66
620,66
621,66
622,66
623,60
624,60
625,354
626,354
627,1525
628,1525
629,60
630,60
631,60
632,60
633,60
634,60
635,60
636,60
637,66
638,66
639,66
640,66
641,60
642,60
643,1419
644,1419
645,1444
646,1444
647,60
648,60
649,60
650,60
651,60
652,60
653,458
654,458
655,457
656,457
657,458
658,458
659,457
660,126
661,126
662,126
663,126
664,126
665,126
666,126
667,126
668,60
669,60
670,60
671,60
672,458
673,457
674,458
675,457
676,458
677,458
678,457
679,458
680,457
681,458
682,457
683,457
684,458
685,457
686,78
687,78
688,110
689,110
690,104
691,104
692,458
693,76
694,76
695,110
696,110
697,104
698,104
699,243
700,243
701,243
702,243
703,243
704,243
705,243
706,243
707,243
708,243
709,223
710,223
711,223
712,223
713,223
714,223
715,223
716,223
717,223
718,223
719,243
720,243
721,243
722,243
723,243
724,243
725,243
726,243
727,243
728,243
729,90
730,90
731,90
732,90
733,78
734,78
735,76
736,76
737,457
738,223
739,223
740,223
741,223
742,223
743,223
744,223
745,223
746,223
747,90
748,90
749,90
750,90
751,78
752,78
753,76
754,76
755,139
756,139
757,137
758,137
759,139
760,139
761,137
762,137
763,167
764,167
765,66
766,66
767,66
768,66
769,66
770,66
771,66
772,66
773,66
774,107
775,107
776,107
777,107
778,107
779,107
780,107
781,107
782,107
783,87
784,87
785,87
786,87
787,87
788,87
789,87
790,87
791,87
792,60
793,60
794,60
795,60
796,60
797,60
798,60
799,60
800,60
801,60
802,66
803,66
804,66
805,66
806,60
807,60
808,213
809,213
810,306
811,306
812,162
813,162
814,306
815,306
816,1514
817,3126
818,1666
819,60
820,60
821,314
822,314
823,172
824,172
825,138
826,138
827,182
828,182
829,260
830,260
831,66
832,66
833,66
834,66
835,66
836,66
837,66
838,66
839,66
840,222
841,222
842,226
843,226
844,66
845,66
846,66
847,66
848,60
849,60
850,66
851,66
852,66
853,66
854,60
855,60
856,287
857,287
858,261
859,261
860,60
861,60
862,60
863,60
864,60
865,60
866,66
867,66
868,66
869,66
870,60
871,60
872,366
873,366
874,1586
875,1586
876,60
877,60
878,60
879,60
880,60
881,60
882,60
883,60
884,66
885,66
886,66
887,66
888,60
889,60
890,1619
891,1619
892,60
893,60
894,1578
895,1578
896,60
897,60
898,60
899,60
900,60
901,60
902,60
903,60
904,1847
905,1847
906,60
907,60
908,338
909,338
910,273
911,273
912,159
913,159
914,306
915,306
916,258
917,258
918,322
919,322
920,402
921,402
922,322
923,322
924,402
925,402
926,194
927,194
928,194
929,194
930,83
931,83
932,100
933,223
934,223
935,223
936,223
937,223
938,223
939,223
940,223
941,223
942,209
943,235
944,235
945,66
946,60
947,60
948,66
949,60
950,340
951,92
952,92
953,98
954,98
955,60
956,295
957,60
958,60
959,92
960,92
961,92
962,92
963,92
964,92
965,92
966,92
967,92
968,60
969,60
970,107
971,107
972,107
973,107
974,107
975,107
976,107
977,107
978,107
979,107
980,87
981,87
982,87
983,87
984,87
985,87
986,87
987,87
988,87
989,87
990,60
991,66
992,66
993,66
994,66
995,60
996,60
997,398
998,398
999,1514
1000,2566
1001,1228
1002,60
1003,60
1004,1708
1005,1708
1006,60
1007,60
1008,257
1009,257
1010,66
1011,66
1012,66
1013,66
1014,60
1015,60
1016,1595
1017,1595
1018,60
1019,60
1020,1554
1021,1554
1022,60
1023,60
1024,60
1025,60
1026,60
1027,60
1028,60
1029,60
1030,269
1031,269
1032,558
1033,558
1034,66
1035,66
1036,66
1037,66
1038,60
1039,60
1040,1708
1041,1708
1042,60
1043,60
1044,257
1045,257
1046,230
1047,230
1048,207
1049,207
1050,227
1051,227
1052,201
1053,201
1054,540
1055,540
1056,1322
1057,1322
1058,66
1059,66
1060,66
1061,66
1062,60
1063,60
1064,1452
1065,1452
1066,1472
1067,1472
1068,60
1069,60
1070,60
1071,60
1072,60
1073,60
1074,66
1075,66
1076,66
1077,66
1078,60
1079,60
1080,60
1081,60
1082,1514
1083,2519
1084,1059
1085,183
1086,183
1087,60
1088,60
1089,60
1090,60
1091,60
1092,60
1093,97
1094,97
1095,60
1096,60
1097,60
1098,60
1099,60
1100,60
1101,60
1102,60
1103,139
1104,139
1105,76
1106,76
1107,101
1108,92
1109,92
1110,92
1111,92
1112,92
1113,92
1114,92
1115,92
1116,92
1117,92
1118,163
1119,182
1120,182
1121,66
1122,66
1123,66
1124,66
1125,60
1126,60
1127,162
1128,162
1129,306
1130,306
1131,66
1132,66
1133,66
1134,66
1135,60
1136,60
1137,1606
1138,60
1139,1606
1140,60
1141,1572
1142,1572
1143,60
1144,60
1145,60
1146,60
1147,60
1148,60
1149,60
1150,60
1151,66
1152,66
1153,66
1154,66
1155,60
1156,60
1157,1451
1158,1451
1159,1464
1160,1464
1161,60
1162,60
1163,60
1164,60
1165,60
1166,60
1167,1514
1168,2974
1169,1514
1170,60
1171,60
1172,206
1173,206
1174,314
1175,314
1176,172
1177,172
1178,138
1179,138
1180,204
1181,204
1182,131
1183,131
1184,254
1185,254
1186,60
1187,60
1188,220
1189,220
1190,338
1191,338
1192,176
1193,176
1194,138
1195,138
1196,538
1197,538
1198,386
1199,386
1200,266
1201,266
1202,250
1203,250
1204,275
1205,275
1206,250
1207,250
1208,171
1209,171
1210,1086
1211,1086
1212,60
1213,60
1214,223
1215,223
1216,223
1217,223
1218,223
1219,223
1220,223
1221,223
1222,223
1223,223
1224,137
1225,137
1226,92
1227,92
1228,92
1229,92
1230,92
1231,92
1232,92
1233,92
1234,92
1235,92
1236,457
1237,60
1238,60
1239,60
1240,60
1241,60
1242,60
1243,60
1244,60
1245,60
1246,60
1247,60
1248,92
1249,92
1250,98
1251,98
1252,60
1253,60
1254,60
1255,60
1256,60
1257,60
1258,60
1259,60
1260,60
1261,60
1262,60
1263,92
1264,92
1265,92
1266,92
1267,92
1268,92
1269,92
1270,92
1271,92
1272,92
1273,235
1274,235
1275,235
1276,235
1277,235
1278,235
1279,235
1280,235
1281,235
1282,235
1283,92
1284,92
1285,92
1286,92
1287,92
1288,92
1289,92
1290,92
1291,92
1292,92
1293,76
1294,76
1295,101
1296,163
1297,182
1298,182
1299,66
1300,66
1301,60
1302,151
1303,60
1304,233
1305,60
1306,60
1307,60
1308,77
1309,77
1310,91
1311,60
1312,155
1313,153
1314,153
1315,92
1316,92
1317,92
1318,92
1319,92
1320,92
1321,92
1322,92
1323,92
1324,92
1325,235
1326,235
1327,235
1328,235
1329,235
1330,235
1331,235
1332,235
1333,235
1334,235
1335,92
1336,92
1337,98
1338,98
1339,92
1340,92
1341,92
1342,92
1343,92
1344,92
1345,92
1346,92
1347,92
1348,92
1349,235
1350,235
1351,235
1352,235
1353,235
1354,235
1355,235
1356,235
1357,235
1358,235
1359,92
1360,92
1361,92
1362,92
1363,92
1364,92
1365,92
1366,92
1367,92
1368,92
1369,457
1370,60
1371,60
1372,60
1373,60
1374,60
1375,60
1376,60
1377,60
1378,235
1379,235
1380,235
1381,235
1382,235
1383,235
1384,235
1385,235
1386,235
1387,235
1388,92
1389,92
1390,92
1391,92
1392,92
1393,92
1394,92
1395,92
1396,92
1397,92
1398,97
1399,97
1400,60
1401,60
1402,222
1403,222
1404,226
1405,226
1406,66
1407,66
1408,66
1409,66
1410,60
1411,60
1412,1581
1413,1581
1414,60
1415,60
1416,1540
1417,1540
1418,60
1419,60
1420,60
1421,60
1422,60
1423,60
1424,60
1425,60
1426,1721
1427,1721
1428,60
1429,60
1430,286
1431,286
1432,274
1433,274
1434,159
1435,159
1436,258
1437,258
1438,258
1439,258
1440,306
1441,306
1442,402
1443,402
1444,306
1445,306
1446,402
1447,402
1448,194
1449,194
1450,194
1451,194
1452,457
1453,60
1454,60
1455,60
1456,60
1457,66
1458,66
1459,66
1460,66
1461,60
1462,60
1463,1708
1464,1708
1465,60
1466,60
1467,257
1468,257
1469,272
1470,272
1471,561
1472,561
1473,66
1474,66
1475,66
1476,66
1477,60
1478,60
1479,1694
1480,1694
1481,60
1482,60
1483,257
1484,257
1485,230
1486,230
1487,207
1488,207
1489,227
1490,227
1491,201
1492,201
1493,540
1494,540
1495,1322
1496,1322
1497,97
1498,97
1499,60
1500,60
1501,60
1502,60
1503,60
1504,60
1505,92
1506,92
1507,98
1508,98
1509,110
1510,110
1511,104
1512,104
1513,110
1514,110
1515,104
1516,104
1517,223
1518,223
1519,223
1520,223
1521,223
1522,223
1523,223
1524,223
1525,223
1526,223
1527,223
1528,223
1529,223
1530,223
1531,223
1532,223
1533,223
1534,223
1535,223
1536,223
1537,253
1538,253
1539,253
1540,253
1541,253
1542,253
1543,253
1544,253
1545,253
1546,253
1547,66
1548,66
1549,66
1550,66
1551,60
1552,60
1553,213
1554,213
1555,306
1556,306
1557,162
1558,162
1559,306
1560,306
1561,1514
1562,3126
1563,1666
1564,60
1565,60
1566,314
1567,314
1568,148
1569,148
1570,138
1571,138
1572,192
1573,192
1574,131
1575,131
1576,93
1577,93
1578,143
1579,143
1580,175
1581,175
1582,177
1583,177
1584,92
1585,92
1586,92
1587,92
1588,92
1589,92
1590,92
1591,92
1592,92
1593,92
1594,192
1595,192
1596,131
1597,131
1598,92
1599,92
1600,98
1601,98
1602,92
1603,92
1604,92
1605,92
1606,92
1607,92
1608,92
1609,92
1610,92
1611,92
1612,104
1613,104
1614,222
1615,222
1616,66
1617,66
1618,66
1619,66
1620,60
1621,60
1622,162
1623,162
1624,306
1625,306
1626,220
1627,220
1628,361
1629,361
1630,306
1631,306
1632,159
1633,159
1634,148
1635,148
1636,138
1637,138
1638,92
1639,92
1640,98
1641,98
1642,60
1643,60
1644,92
1645,92
1646,92
1647,92
1648,92
1649,92
1650,92
1651,92
1652,92
1653,92
1654,104
1655,104
1656,66
1657,66
1658,66
1659,66
1660,126
1661,126
1662,60
1663,60
1664,191
1665,191
1666,263
1667,263
1668,196
1669,196
1670,468
1671,468
1672,282
1673,282
1674,266
1675,266
1676,128
1677,128
1678,114
1679,114
1680,176
1681,176
1682,122
1683,122
1684,176
1685,176
1686,122
1687,122
1688,192
1689,192
1690,131
1691,131
1692,93
1693,93
1694,143
1695,143
1696,175
1697,175
1698,177
1699,177
1700,192
1701,192
1702,131
1703,131
1704,60
1705,60
1706,60
1707,60
1708,97
1709,97
1710,60
1711,60
1712,60
1713,60
1714,60
1715,60
1716,60
1717,60
1718,457
1719,92
1720,92
1721,92
1722,92
1723,92
1724,92
1725,92
1726,92
1727,92
1728,92
1729,92
1730,457
1731,457
1732,92
1733,92
1734,92
1735,92
1736,92
1737,92
1738,92
1739,92
1740,92
1741,92
1742,92
1743,106
1744,106
1745,106
1746,106
1747,106
1748,106
1749,106
1750,106
1751,106
1752,106
1753,106
1754,92
1755,92
1756,98
1757,98
1758,92
1759,92
1760,92
1761,92
1762,92
1763,92
1764,92
1765,92
1766,92
1767,92
1768,92
1769,457
1770,457
1771,92
1772,92
1773,92
1774,92
1775,92
1776,92
1777,92
1778,92
1779,92
1780,92
1781,92
1782,457
1783,457
1784,92
1785,92
1786,92
1787,92
1788,92
1789,92
1790,92
1791,92
1792,92
1793,92
1794,92
1795,457
1796,457
1797,92
1798,92
1799,98
1800,98
1801,92
1802,92
1803,92
1804,92
1805,92
1806,92
1807,92
1808,92
1809,92
1810,92
1811,92
1812,92
1813,92
1814,92
1815,92
1816,92
1817,92
1818,92
1819,92
1820,92
1821,92
1822,92
1823,457
1824,457
1825,92
1826,92
1827,92
1828,92
1829,92
1830,92
1831,92
1832,92
1833,92
1834,92
1835,92
1836,457
1837,222
1838,222
1839,226
1840,226
1841,231
1842,231
1843,154
1844,154
1845,302
1846,302
1847,238
1848,238
1849,60
1850,60
1851,60
1852,60
1853,146
1854,146
1855,182
1856,182
1857,126
1858,126
1859,126
1860,126
1861,126
1862,126
1863,126
1864,126
1865,126
1866,126
1867,126
1868,126
1869,60
1870,60
1871,60
1872,60
1873,457
1874,60
1875,60
1876,457
1877,457
1878,457
1879,457
1880,126
1881,126
1882,126
1883,126
1884,93
1885,93
1886,126
1887,126
1888,126
1889,93
1890,93
1891,126
1892,60
1893,60
1894,97
1895,97
1896,60
1897,60
1898,97
1899,97
1900,126
1901,126
1902,126
1903,126
1904,126
1905,126
1906,60
1907,60
1908,126
1909,126
1910,60
1911,60
1912,60
1913,60
1914,60
1915,60
1916,60
1917,60
1918,457
1919,137
1920,137
1921,137
1922,137
1923,137
1924,137
1925,137
1926,137
1927,137
1928,137
1929,137
1930,60
1931,78
1932,78
1933,78
1934,78
1935,78
1936,78
1937,78
1938,78
1939,78
1940,78
1941,78
1942,137
1943,137
1944,137
1945,137
1946,137
1947,137
1948,137
1949,137
1950,137
1951,137
1952,137
1953,125
1954,125
1955,125
1956,125
1957,125
1958,125
1959,125
1960,125
1961,125
1962,125
1963,125
1964,60
1965,60
1966,60
1967,60
1968,60
1969,60
1970,60
1971,60
1972,60
1973,60
1974,60
1975,60
1976,60
1977,76
1978,76
1979,76
1980,76
1981,87
1982,137
1983,137
1984,65
1985,65
1986,76
1987,151
1988,140
1989,140
1990,119
1991,108
1992,108
1993,90
1994,90
1995,90
1996,90
1997,90
1998,90
1999,90
2000,90
2001,90
2002,90
2003,90
2004,65
2005,65
2006,140
2007,140
2008,87
2009,87
2010,87
2011,87
2012,87
2013,87
2014,87
2015,87
2016,87
2017,87
2018,87
2019,90
2020,76
2021,76
2022,76
2023,76
2024,108
2025,108
2026,137
2027,137
2028,90
2029,90
2030,90
2031,90
2032,90
2033,90
2034,90
2035,90
2036,90
2037,90
2038,90
2039,90
2040,90
2041,90
2042,90
2043,90
2044,90
2045,90
2046,90
2047,90
2048,90
2049,107
2050,107
2051,107
2052,107
2053,107
2054,107
2055,107
2056,107
2057,107
2058,107
2059,107
2060,215
2061,215
2062,215
2063,215
2064,215
2065,215
2066,215
2067,215
2068,215
2069,215
2070,215
2071,195
2072,195
2073,195
2074,195
2075,195
2076,195
2077,195
2078,195
2079,195
2080,195
2081,195
2082,85
2083,85
2084,85
2085,85
2086,85
2087,85
2088,85
2089,85
2090,85
2091,85
2092,85
2093,110
2094,110
2095,110
2096,110
2097,110
2098,110
2099,110
2100,110
2101,110
2102,110
2103,110
2104,109
2105,109
2106,109
2107,109
2108,109
2109,109
2110,109
2111,109
2112,109
2113,109
2114,109
2115,215
2116,215
2117,215
2118,215
2119,215
2120,215
2121,215
2122,215
2123,215
2124,215
2125,215
2126,195
2127,195
2128,195
2129,195
2130,195
2131,195
2132,195
2133,195
2134,195
2135,195
2136,195
2137,62
2138,62
2139,62
2140,62
2141,62
2142,62
2143,62
2144,62
2145,62
2146,62
2147,62
2148,60
2149,60
2150,60
2151,60
2152,60
2153,60
2154,60
2155,60
2156,60
2157,60
2158,60
2159,457
2160,215
2161,215
2162,215
2163,215
2164,215
2165,215
2166,215
2167,215
2168,215
2169,215
2170,215
2171,195
2172,195
2173,195
2174,195
2175,195
2176,195
2177,195
2178,195
2179,195
2180,195
2181,195
2182,85
2183,85
2184,85
2185,85
2186,85
2187,85
2188,85
2189,85
2190,85
2191,85
2192,85
2193,183
2194,183
2195,183
2196,183
2197,183
2198,183
2199,183
2200,183
2201,183
2202,183
2203,183
2204,203
2205,203
2206,203
2207,203
2208,203
2209,203
2210,203
2211,203
2212,203
2213,203
2214,203
2215,92
2216,92
2217,120
2218,120
2219,104
2220,104
2221,104
2222,104
2223,104
2224,104
2225,104
2226,104
2227,104
2228,104
2229,104
2230,106
2231,106
2232,106
2233,106
2234,106
2235,106
2236,106
2237,106
2238,106
2239,106
2240,106
2241,84
2242,84
2243,84
2244,84
2245,84
2246,84
2247,84
2248,84
2249,84
2250,84
2251,84
2252,86
2253,86
2254,86
2255,86
2256,86
2257,86
2258,86
2259,86
2260,86
2261,86
2262,86
2263,90
2264,90
2265,90
2266,90
2267,90
2268,90
2269,90
2270,90
2271,90
2272,90
2273,90
2274,76
2275,76
2276,76
2277,76
2278,108
2279,108
2280,137
2281,137
2282,107
2283,107
2284,107
2285,107
2286,107
2287,107
2288,107
2289,107
2290,107
2291,107
2292,107
2293,457
2294,106
2295,106
2296,106
2297,106
2298,106
2299,106
2300,106
2301,106
2302,106
2303,106
2304,106
2305,104
2306,104
2307,104
2308,104
2309,104
2310,104
2311,104
2312,104
2313,104
2314,104
2315,104
2316,86
2317,86
2318,86
2319,86
2320,86
2321,86
2322,86
2323,86
2324,86
2325,86
2326,86
2327,84
2328,84
2329,84
2330,84
2331,84
2332,84
2333,84
2334,84
2335,84
2336,84
2337,84
2338,87
2339,87
2340,87
2341,87
2342,87
2343,87
2344,87
2345,87
2346,87
2347,87
2348,87
2349,457
2350,183
2351,183
2352,183
2353,183
2354,183
2355,183
2356,183
2357,183
2358,183
2359,183
2360,183
2361,203
2362,203
2363,203
2364,203
2365,203
2366,203
2367,203
2368,203
2369,203
2370,203
2371,203
2372,457
2373,125
2374,125
2375,125
2376,125
2377,125
2378,125
2379,125
2380,125
2381,125
2382,125
2383,125
2384,92
2385,92
2386,120
2387,120
2388,457
2389,77
2390,77
2391,92
2392,126
2393,126
2394,126
2395,126
2396,126
2397,126
2398,126
2399,126
2400,60
2401,60
2402,60
2403,60
2404,156
2405,176
2406,176
2407,77
2408,77
2409,176
2410,176
2411,66
2412,66
2413,60
2414,312
2415,60
2416,974
2417,313
2418,983
2419,152
2420,152
2421,152
2422,152
2423,152
2424,152
2425,152
2426,152
2427,152
2428,152
2429,152
2430,152
2431,152
2432,152
2433,152
2434,152
2435,152
2436,152
2437,152
2438,152
2439,152
2440,152
2441,132
2442,132
2443,132
2444,132
2445,132
2446,132
2447,132
2448,132
2449,132
2450,132
2451,132
2452,132
2453,132
2454,132
2455,132
2456,132
2457,132
2458,132
2459,132
2460,132
2461,132
2462,132
2463,60
2464,983
2465,66
2466,107
2467,107
2468,107
2469,107
2470,107
2471,107
2472,107
2473,107
2474,107
2475,107
2476,107
2477,457
2478,152
2479,152
2480,152
2481,152
2482,152
2483,152
2484,152
2485,152
2486,152
2487,152
2488,152
2489,152
2490,152
2491,152
2492,152
2493,152
2494,152
2495,152
2496,152
2497,152
2498,152
2499,152
2500,132
2501,132
2502,132
2503,132
2504,132
2505,132
2506,132
2507,132
2508,132
2509,132
2510,132
2511,132
2512,132
2513,132
2514,132
2515,132
2516,132
2517,132
2518,132
2519,132
2520,132
2521,132
2522,457
2523,60
2524,60
2525,60
2526,60
2527,92
2528,92
2529,120
2530,120
2531,183
2532,183
2533,183
2534,183
2535,183
2536,183
2537,183
2538,183
2539,183
2540,183
2541,183
2542,203
2543,203
2544,203
2545,203
2546,203
2547,203
2548,203
2549,203
2550,203
2551,203
2552,203
2553,457
2554,62
2555,62
2556,62
2557,62
2558,62
2559,62
2560,62
2561,62
2562,62
2563,62
2564,62
2565,457
2566,82
2567,82
2568,132
2569,132
2570,74
2571,74
2572,74
2573,74
2574,66
2575,66
2576,145
2577,145
2578,201
2579,201
2580,66
2581,66
2582,73
2583,66
2584,73
2585,66
2586,66
2587,66
2588,60
2589,60
2590,113
2591,113
2592,163
2593,163
2594,82
2595,82
2596,132
2597,132
2598,74
2599,74
2600,74
2601,74
2602,66
2603,66
2604,326
2605,326
2606,1514
2607,2950
2608,1687
2609,66
2610,66
2611,60
2612,60
2613,60
2614,60
2615,60
2616,60
2617,60
2618,60
2619,60
2620,60
2621,60
2622,60
2623,60
2624,60
2625,60
2626,60
2627,60
2628,78
2629,60
2630,60
2631,60
2632,60
2633,60
2634,78
2635,78
2636,78
2637,78
2638,78
2639,78
2640,78
2641,78
2642,78
2643,78
2644,78
2645,78
2646,78
2647,78
2648,78
2649,78
2650,78
2651,78
2652,78
2653,78
2654,78
2655,60
2656,60
2657,60
2658,60
2659,60
2660,60
2661,60
2662,60
2663,60
2664,60
2665,60
2666,60
2667,78
2668,60
2669,60
2670,60
2671,60
2672,60
2673,60
2674,78
2675,60
2676,60
2677,78
2678,60
2679,78
2680,60
2681,78
2682,78
2683,78
2684,78
2685,78
2686,78
2687,78
2688,78
2689,78
2690,78
2691,78
2692,78
2693,78
2694,78
2695,78
2696,78
2697,78
2698,78
2699,86
2700,86
2701,136
2702,136
2703,86
2704,86
2705,136
2706,136
2707,74
2708,74
2709,74
2710,74
2711,90
2712,90
2713,121
2714,121
2715,216
2716,216
2717,221
2718,221
2719,93
2720,93
2721,154
2722,154
2723,86
2724,86
2725,136
2726,136
2727,86
2728,86
2729,136
2730,136
2731,74
2732,74
2733,74
2734,74
2735,90
2736,90
2737,121
2738,121
2739,290
2740,290
2741,1452
2742,1452
2743,93
2744,93
2745,154
2746,154
2747,86
2748,86
2749,136
2750,136
2751,86
2752,86
2753,136
2754,136
2755,74
2756,74
2757,74
2758,74
2759,90
2760,90
2761,121
2762,121
2763,1514
2764,1514
2765,113
2766,113
2767,331
2768,331
2769,93
2770,93
2771,154
2772,154
2773,86
2774,86
2775,136
2776,136
2777,74
2778,74
2779,74
2780,74
2781,90
2782,90
2783,121
2784,121
2785,74
2786,74
2787,74
2788,74
2789,66
2790,66
2791,1621
2792,1621
2793,66
2794,66
2795,1620
2796,1620
2797,66
2798,66
2799,66
2800,66
2801,66
2802,93
2803,93
2804,60
2805,66
2806,60
2807,154
2808,154
2809,1359
2810,1359
2811,219
2812,219
2813,66
2814,66
2815,88
2816,88
2817,132
2818,132
2819,140
2820,140
2821,82
2822,82
2823,123
2824,123
2825,66
2826,66
2827,60
2828,60
2829,74
2830,74
2831,74
2832,74
2833,66
2834,66
2835,326
2836,326
2837,1514
2838,1514
2839,1687
2840,66
2841,1687
2842,66
2843,86
2844,86
2845,136
2846,136
2847,86
2848,86
2849,136
2850,136
2851,74
2852,74
2853,74
2854,74
2855,90
2856,90
2857,121
2858,121
2859,216
2860,216
2861,221
2862,221
2863,93
2864,93
2865,154
2866,154
2867,86
2868,86
2869,136
2870,136
2871,86
2872,86
2873,136
2874,136
2875,74
2876,74
2877,74
2878,74
2879,90
2880,90
2881,121
2882,121
2883,290
2884,290
2885,1452
2886,1452
2887,93
2888,93
2889,154
2890,154
2891,86
2892,86
2893,136
2894,136
2895,86
2896,86
2897,136
2898,136
2899,74
2900,74
2901,74
2902,74
2903,90
2904,90
2905,121
2906,121
2907,1514
2908,113
2909,1514
2910,113
2911,331
2912,331
2913,93
2914,93
2915,154
2916,154
2917,86
2918,86
2919,136
2920,136
2921,74
2922,74
2923,74
2924,74
2925,90
2926,90
2927,121
2928,121
2929,74
2930,74
2931,74
2932,74
2933,66
2934,66
2935,1621
2936,1621
2937,66
2938,66
2939,1620
2940,1620
2941,66
2942,66
2943,66
2944,66
2945,66
2946,93
2947,93
2948,66
2949,60
2950,60
2951,154
2952,154
2953,1359
2954,1359
2955,219
2956,219
2957,88
2958,88
2959,132
2960,132
2961,140
2962,140
2963,82
2964,82
2965,193
2966,193
2967,228
2968,228
2969,195
2970,195
2971,280
2972,280
2973,66
2974,66
2975,311
2976,311
2977,382
2978,382
2979,66
2980,66
2981,69
2982,69
2983,69
2984,69
2985,69
2986,69
2987,69
2988,69
2989,457
2990,81
2991,81
2992,81
2993,81
2994,92
2995,136
2996,136
2997,156
2998,145
2999,145
3000,60
3001,60
3002,60
3003,60
3004,60
3005,60
3006,60
3007,60
3008,60
3009,60
3010,60
3011,60
3012,90
3013,87
3014,87
3015,87
3016,87
3017,87
3018,87
3019,87
3020,87
3021,87
3022,87
3023,87
3024,457
3025,243
3026,243
3027,243
3028,243
3029,243
3030,243
3031,243
3032,243
3033,243
3034,243
3035,243
3036,458
3037,99
3038,99
3039,99
3040,99
3041,99
3042,99
3043,99
3044,99
3045,99
3046,99
3047,99
3048,79
3049,79
3050,79
3051,79
3052,79
3053,79
3054,79
3055,79
3056,79
3057,79
3058,79
3059,457
3060,81
3061,81
3062,81
3063,81
3064,92
3065,136
3066,136
3067,156
3068,145
3069,145
3070,90
3071,90
3072,457
3073,110
3074,110
3075,110
3076,110
3077,110
3078,110
3079,110
3080,110
3081,110
3082,110
3083,110
3084,110
3085,110
3086,110
3087,110
3088,110
3089,110
3090,110
3091,110
3092,110
3093,110
3094,110
3095,110
3096,110
3097,110
3098,110
3099,110
3100,110
3101,110
3102,110
3103,110
3104,110
3105,110
3106,110
3107,110
3108,110
3109,110
3110,110
3111,110
3112,110
3113,110
3114,110
3115,110
3116,110
3117,110
3118,110
3119,110
3120,110
3121,110
3122,110
3123,110
3124,110
3125,110
3126,110
3127,110
3128,275
3129,275
3130,275
3131,275
3132,275
3133,275
3134,275
3135,275
3136,275
3137,275
3138,275
3139,92
3140,92
3141,92
3142,92
3143,92
3144,92
3145,92
3146,92
3147,92
3148,92
3149,92
3150,193
3151,193
3152,228
3153,228
3154,66
3155,66
3156,195
3157,195
3158,280
3159,280
3160,311
3161,311
3162,382
3163,382
3164,122
3165,122
3166,122
3167,122
3168,122
3169,122
3170,122
3171,122
3172,122
3173,122
3174,122
3175,66
3176,66
3177,79
3178,79
3179,79
3180,79
3181,79
3182,79
3183,79
3184,79
3185,79
3186,79
3187,79
3188,457
3189,90
3190,81
3191,81
3192,81
3193,81
3194,92
3195,92
3196,156
3197,145
3198,145
3199,204
3200,193
3201,193
3202,90
3203,90
3204,60
3205,60
3206,90
3207,457
3208,82
3209,82
3210,132
3211,132
3212,74
3213,74
3214,74
3215,74
3216,66
3217,66
3218,145
3219,145
3220,201
3221,201
3222,66
3223,66
3224,73
3225,66
3226,73
3227,66
3228,66
3229,66
3230,60
3231,60
3232,111
3233,111
3234,161
3235,161
3236,80
3237,80
3238,130
3239,130
3240,74
3241,74
3242,74
3243,74
3244,66
3245,66
3246,326
3247,326
3248,1514
3249,66
3250,2950
3251,1687
3252,66
3253,86
3254,86
3255,136
3256,136
3257,86
3258,86
3259,136
3260,136
3261,74
3262,74
3263,74
3264,74
3265,90
3266,90
3267,121
3268,121
3269,216
3270,216
3271,221
3272,221
3273,93
3274,93
3275,154
3276,154
3277,86
3278,86
3279,136
3280,136
3281,86
3282,86
3283,136
3284,136
3285,74
3286,74
3287,74
3288,74
3289,90
3290,90
3291,121
3292,121
3293,290
3294,290
3295,1452
3296,1452
3297,93
3298,93
3299,154
3300,154
3301,86
3302,86
3303,136
3304,136
3305,86
3306,86
3307,136
3308,136
3309,74
3310,74
3311,74
3312,74
3313,90
3314,90
3315,121
3316,121
3317,1514
3318,113
3319,1514
3320,113
3321,331
3322,331
3323,93
3324,93
3325,154
3326,154
3327,86
3328,86
3329,136
3330,136
3331,74
3332,74
3333,74
3334,74
3335,90
3336,90
3337,121
3338,121
3339,74
3340,74
3341,74
3342,74
3343,66
3344,66
3345,1621
3346,1621
3347,66
3348,66
3349,1620
3350,1620
3351,66
3352,66
3353,66
3354,66
3355,66
3356,93
3357,93
3358,66
3359,60
3360,60
3361,154
3362,154
3363,1359
3364,1359
3365,219
3366,219
3367,88
3368,132
3369,132
3370,88
3371,140
3372,140
3373,82
3374,82
3375,335
3376,335
3377,382
3378,382
3379,66
3380,66
3381,335
3382,335
3383,382
3384,382
3385,66
3386,66
3387,66
3388,66
3389,60
3390,60
3391,60
3392,60
3393,60
3394,60
3395,60
3396,60
3397,60
3398,60
3399,60
3400,457
3401,90
3402,90
3403,90
3404,90
3405,90
3406,90
3407,90
3408,90
3409,90
3410,81
3411,81
3412,81
3413,81
3414,92
3415,136
3416,136
3417,90
3418,90
3419,90
3420,156
3421,145
3422,145
3423,90
3424,90
3425,90
3426,90
3427,62
3428,62
3429,62
3430,62
3431,62
3432,62
3433,62
3434,62
3435,62
3436,62
3437,62
3438,457
3439,110
3440,110
3441,110
3442,110
3443,110
3444,110
3445,110
3446,110
3447,110
3448,110
3449,110
3450,110
3451,110
3452,110
3453,110
3454,110
3455,110
3456,110
3457,110
3458,110
3459,110
3460,110
3461,110
3462,110
3463,110
3464,110
3465,110
3466,110
3467,110
3468,110
3469,110
3470,110
3471,110
3472,110
3473,110
3474,110
3475,110
3476,110
3477,110
3478,110
3479,110
3480,110
3481,110
3482,110
3483,110
3484,110
3485,110
3486,110
3487,92
3488,110
3489,110
3490,110
3491,110
3492,110
3493,110
3494,110
3495,92
3496,92
3497,92
3498,92
3499,92
3500,92
3501,92
3502,92
3503,92
3504,92
3505,79
3506,79
3507,79
3508,79
3509,79
3510,79
3511,79
3512,79
3513,79
3514,79
3515,79
3516,90
3517,90
3518,90
3519,90
3520,90
3521,90
3522,90
3523,90
3524,90
3525,90
3526,90
3527,90
3528,90
3529,90
3530,101
3531,101
3532,101
3533,101
3534,101
3535,101
3536,101
3537,101
3538,101
3539,81
3540,101
3541,81
3542,101
3543,81
3544,81
3545,81
3546,81
3547,81
3548,81
3549,81
3550,81
3551,81
3552,90
3553,90
3554,90
3555,90
3556,90
3557,74
3558,74
3559,74
3560,74
3561,85
3562,85
3563,90
3564,90
3565,133
3566,141
3567,122
3568,122
3569,130
3570,130
3571,90
3572,81
3573,81
3574,81
3575,81
3576,145
3577,145
3578,136
3579,136
3580,90
3581,90
3582,90
3583,90
3584,90
3585,90
3586,90
3587,90
3588,90
3589,90
3590,110
3591,110
3592,110
3593,110
3594,110
3595,110
3596,110
3597,110
3598,110
3599,110
3600,110
3601,110
3602,110
3603,110
3604,110
3605,110
3606,110
3607,110
3608,110
3609,110
3610,110
3611,110
3612,110
3613,110
3614,110
3615,110
3616,110
3617,110
3618,110
3619,110
3620,110
3621,110
3622,110
3623,110
3624,110
3625,110
3626,110
3627,110
3628,110
3629,110
3630,110
3631,110
3632,110
3633,110
3634,110
3635,92
3636,110
3637,110
3638,110
3639,110
3640,110
3641,92
3642,92
3643,92
3644,92
3645,92
3646,92
3647,92
3648,92
3649,92
3650,110
3651,110
3652,110
3653,110
3654,110
3655,110
3656,110
3657,110
3658,110
3659,110
3660,110
3661,110
3662,110
3663,110
3664,110
3665,110
3666,110
3667,110
3668,110
3669,110
3670,110
3671,110
3672,110
3673,110
3674,110
3675,110
3676,110
3677,110
3678,110
3679,110
3680,110
3681,110
3682,110
3683,110
3684,110
3685,110
3686,110
3687,110
3688,110
3689,110
3690,110
3691,92
3692,110
3693,110
3694,110
3695,110
3696,110
3697,110
3698,110
3699,110
3700,110
3701,92
3702,92
3703,92
3704,92
3705,92
3706,92
3707,92
3708,92
3709,92
3710,60
3711,60
3712,60
3713,60
3714,60
3715,60
3716,90
3717,90
3718,90
3719,90
3720,90
3721,90
3722,90
3723,90
3724,253
3725,253
3726,253
3727,253
3728,253
3729,253
3730,253
3731,253
3732,253
3733,253
3734,253
3735,78
3736,78
3737,78
3738,78
3739,78
3740,78
3741,78
3742,78
3743,78
3744,78
3745,78
3746,160
3747,160
3748,160
3749,160
3750,160
3751,160
3752,160
3753,160
3754,160
3755,160
3756,160
3757,253
3758,253
3759,253
3760,253
3761,253
3762,253
3763,253
3764,253
3765,253
3766,253
3767,253
3768,253
3769,253
3770,253
3771,253
3772,253
3773,253
3774,253
3775,253
3776,253
3777,253
3778,253
3779,90
3780,90
3781,90
3782,90
3783,90
3784,90
3785,90
3786,90
3787,235
3788,235
3789,235
3790,235
3791,235
3792,235
3793,235
3794,235
3795,235
3796,235
3797,235
3798,90
3799,90
3800,90
3801,70
3802,70
3803,70
3804,70
3805,70
3806,70
3807,70
3808,70
3809,70
3810,70
3811,70
3812,90
3813,90
3814,90
3815,90
3816,90
3817,90
3818,90
3819,90
3820,90
3821,90
3822,90
3823,90
3824,90
3825,90
3826,90
3827,90
3828,90
3829,90
3830,90
3831,90
3832,90
3833,90
3834,90
3835,90
3836,90
3837,90
3838,90
3839,90
3840,90
3841,90
3842,90
3843,90
3844,60
3845,60
3846,60
3847,60
3848,60
3849,60
3850,60
3851,60
3852,60
3853,60
3854,60
3855,60
3856,60
3857,65
3858,65
3859,140
3860,140
3861,221
3862,221
3863,221
3864,221
3865,221
3866,221
3867,221
3868,221
3869,221
3870,221
3871,221
3872,65
3873,65
3874,140
3875,140
3876,76
3877,76
3878,76
3879,76
3880,108
3881,108
3882,137
3883,137
3884,331
3885,331
3886,331
3887,331
3888,331
3889,331
3890,331
3891,331
3892,331
3893,331
3894,331
3895,197
3896,197
3897,197
3898,197
3899,197
3900,197
3901,197
3902,197
3903,197
3904,197
3905,197
3906,96
3907,96
3908,96
3909,96
3910,96
3911,96
3912,96
3913,96
3914,96
3915,96
3916,96
3917,110
3918,110
3919,110
3920,110
3921,110
3922,110
3923,110
3924,110
3925,110
3926,110
3927,110
3928,110
3929,110
3930,110
3931,110
3932,110
3933,110
3934,110
3935,110
3936,110
3937,110
3938,110
3939,110
3940,110
3941,110
3942,110
3943,110
3944,110
3945,110
3946,110
3947,110
3948,110
3949,110
3950,110
3951,110
3952,110
3953,110
3954,110
3955,110
3956,110
3957,110
3958,110
3959,110
3960,110
3961,110
3962,110
3963,110
3964,110
3965,110
3966,110
3967,110
3968,110
3969,110
3970,110
3971,110
3972,234
3973,234
3974,234
3975,234
3976,234
3977,234
3978,234
3979,234
3980,234
3981,234
3982,234
3983,277
3984,277
3985,277
3986,277
3987,277
3988,277
3989,277
3990,277
3991,277
3992,277
3993,277
3994,92
3995,92
3996,92
3997,92
3998,92
3999,92
4000,92
4001,92
4002,92
4003,92
4004,92
4005,180
4006,180
4007,180
4008,180
4009,180
4010,180
4011,180
4012,180
4013,180
4014,180
4015,180
4016,90
4017,90
4018,90
4019,90
4020,110
4021,110
4022,110
4023,110
4024,110
4025,110
4026,110
4027,110
4028,110
4029,110
4030,110
4031,331
4032,331
4033,331
4034,331
4035,331
4036,331
4037,331
4038,331
4039,331
4040,331
4041,331
4042,197
4043,197
4044,197
4045,197
4046,197
4047,197
4048,197
4049,197
4050,197
4051,197
4052,197
4053,90
4054,90
4055,90
4056,90
4057,90
4058,90
4059,90
4060,90
4061,90
4062,90
4063,90
4064,90
4065,90
4066,90
4067,331
4068,331
4069,331
4070,331
4071,331
4072,331
4073,331
4074,331
4075,331
4076,331
4077,331
4078,197
4079,197
4080,197
4081,197
4082,197
4083,197
4084,197
4085,197
4086,197
4087,197
4088,197
4089,112
4090,112
4091,112
4092,112
4093,112
4094,112
4095,112
4096,112
4097,112
4098,112
4099,112
4100,457
4101,194
4102,194
4103,194
4104,194
4105,194
4106,194
4107,194
4108,194
4109,194
4110,194
4111,194
4112,313
4113,313
4114,313
4115,313
4116,313
4117,313
4118,313
4119,313
4120,313
4121,313
4122,313
4123,185
4124,185
4125,185
4126,185
4127,185
4128,185
4129,185
4130,185
4131,185
4132,185
4133,185
4134,76
4135,76
4136,76
4137,76
4138,108
4139,108
4140,137
4141,137
4142,92
4143,92
4144,235
4145,235
4146,106
4147,106
4148,106
4149,106
4150,106
4151,106
4152,106
4153,106
4154,106
4155,106
4156,106
4157,86
4158,86
4159,86
4160,86
4161,86
4162,86
4163,86
4164,86
4165,86
4166,86
4167,86
4168,87
4169,87
4170,87
4171,87
4172,87
4173,87
4174,87
4175,87
4176,87
4177,87
4178,87
4179,253
4180,253
4181,253
4182,253
4183,253
4184,253
4185,253
4186,253
4187,253
4188,253
4189,253
4190,90
4191,90
4192,90
4193,90
4194,90
4195,90
4196,90
4197,90
4198,313
4199,313
4200,313
4201,313
4202,313
4203,313
4204,313
4205,313
4206,313
4207,313
4208,313
4209,185
4210,185
4211,185
4212,185
4213,185
4214,185
4215,185
4216,185
4217,185
4218,185
4219,185
4220,110
4221,110
4222,110
4223,110
4224,110
4225,110
4226,110
4227,110
4228,110
4229,110
4230,110
4231,110
4232,110
4233,110
4234,110
4235,110
4236,110
4237,110
4238,110
4239,110
4240,110
4241,110
4242,110
4243,110
4244,110
4245,110
4246,110
4247,110
4248,110
4249,110
4250,110
4251,110
4252,110
4253,110
4254,110
4255,110
4256,110
4257,110
4258,110
4259,110
4260,110
4261,110
4262,110
4263,110
4264,110
4265,110
4266,110
4267,110
4268,110
4269,110
4270,110
4271,110
4272,110
4273,110
4274,110
4275,92
4276,92
4277,92
4278,92
4279,92
4280,92
4281,92
4282,92
4283,92
4284,92
4285,92
4286,110
4287,110
4288,110
4289,110
4290,110
4291,110
4292,110
4293,110
4294,110
4295,110
4296,110
4297,110
4298,110
4299,110
4300,110
4301,110
4302,110
4303,110
4304,110
4305,110
4306,110
4307,110
4308,110
4309,110
4310,110
4311,110
4312,110
4313,110
4314,110
4315,110
4316,110
4317,110
4318,110
4319,110
4320,110
4321,110
4322,110
4323,110
4324,110
4325,110
4326,110
4327,110
4328,110
4329,110
4330,110
4331,110
4332,110
4333,110
4334,234
4335,110
4336,110
4337,110
4338,110
4339,234
4340,110
4341,234
4342,110
4343,234
4344,110
4345,234
4346,92
4347,234
4348,92
4349,234
4350,92
4351,234
4352,92
4353,234
4354,92
4355,92
4356,234
4357,92
4358,234
4359,92
4360,92
4361,92
4362,92
4363,143
4364,202
4365,152
4366,152
4367,152
4368,152
4369,152
4370,152
4371,152
4372,152
4373,152
4374,152
4375,152
4376,132
4377,132
4378,132
4379,132
4380,132
4381,132
4382,132
4383,132
4384,132
4385,132
4386,132
4387,90
4388,90
4389,90
4390,90
4391,221
4392,221
4393,221
4394,221
4395,221
4396,221
4397,221
4398,221
4399,221
4400,221
4401,221
4402,90
4403,90
4404,90
4405,90
4406,90
4407,90
4408,90
4409,90
4410,90
4411,90
4412,90
4413,90
4414,90
4415,90
4416,152
4417,152
4418,152
4419,152
4420,152
4421,152
4422,152
4423,152
4424,152
4425,152
4426,152
4427,132
4428,132
4429,132
4430,132
4431,132
4432,132
4433,132
4434,132
4435,132
4436,132
4437,132
4438,263
4439,263
4440,263
4441,263
4442,263
4443,263
4444,263
4445,263
4446,263
4447,263
4448,263
4449,107
4450,107
4451,107
4452,107
4453,107
4454,107
4455,107
4456,107
4457,107
4458,107
4459,107
4460,90
4461,90
4462,90
4463,90
4464,90
4465,90
4466,90
4467,90
4468,253
4469,253
4470,253
4471,253
4472,253
4473,253
4474,253
4475,253
4476,253
4477,253
4478,253
4479,457
4480,458
4481,70
4482,70
4483,70
4484,70
4485,70
4486,70
4487,70
4488,70
4489,70
4490,70
4491,70
4492,110
4493,110
4494,110
4495,110
4496,110
4497,110
4498,110
4499,110
4500,110
4501,110
4502,110
4503,110
4504,110
4505,110
4506,110
4507,110
4508,110
4509,110
4510,110
4511,110
4512,110
4513,110
4514,110
4515,110
4516,110
4517,110
4518,110
4519,110
4520,110
4521,110
4522,110
4523,110
4524,110
4525,110
4526,110
4527,110
4528,110
4529,110
4530,110
4531,110
4532,110
4533,110
4534,110
4535,110
4536,110
4537,110
4538,110
4539,110
4540,110
4541,110
4542,110
4543,110
4544,110
4545,110
4546,110
4547,92
4548,92
4549,92
4550,92
4551,92
4552,92
4553,92
4554,92
4555,92
4556,92
4557,92
4558,234
4559,234
4560,234
4561,234
4562,234
4563,234
4564,234
4565,234
4566,234
4567,234
4568,234
4569,90
4570,90
4571,90
4572,90
4573,313
4574,313
4575,313
4576,313
4577,313
4578,313
4579,313
4580,313
4581,313
4582,313
4583,313
4584,185
4585,185
4586,185
4587,185
4588,185
4589,185
4590,185
4591,185
4592,185
4593,185
4594,185
4595,90
4596,90
4597,90
4598,90
4599,90
4600,90
4601,90
4602,90
4603,90
4604,90
4605,90
4606,90
4607,90
4608,90
4609,457
4610,60
4611,60
4612,60
4613,60
4614,90
4615,90
4616,90
4617,90
4618,90
4619,90
4620,90
4621,90
4622,82
4623,82
4624,132
4625,132
4626,74
4627,74
4628,74
4629,74
4630,66
4631,66
4632,145
4633,145
4634,201
4635,201
4636,66
4637,66
4638,73
4639,73
4640,66
4641,66
4642,66
4643,66
4644,60
4645,60
4646,113
4647,113
4648,163
4649,163
4650,82
4651,82
4652,132
4653,132
4654,74
4655,74
4656,74
4657,74
4658,66
4659,66
4660,326
4661,326
4662,1514
4663,2950
4664,1687
4665,66
4666,66
4667,86
4668,86
4669,136
4670,136
4671,86
4672,86
4673,136
4674,136
4675,74
4676,74
4677,74
4678,74
4679,90
4680,90
4681,121
4682,121
4683,218
4684,218
4685,221
4686,221
4687,93
4688,93
4689,154
4690,154
4691,86
4692,86
4693,136
4694,136
4695,86
4696,86
4697,457
4698,136
4699,136
4700,74
4701,74
4702,74
4703,74
4704,90
4705,90
4706,121
4707,121
4708,292
4709,292
4710,1472
4711,1472
4712,93
4713,93
4714,154
4715,154
4716,86
4717,86
4718,136
4719,136
4720,86
4721,86
4722,136
4723,136
4724,74
4725,74
4726,74
4727,74
4728,90
4729,90
4730,121
4731,121
4732,74
4733,74
4734,74
4735,74
4736,90
4737,90
4738,121
4739,121
4740,74
4741,74
4742,74
4743,74
4744,66
4745,66
4746,1514
4747,1641
4748,193
4749,66
4750,66
4751,1642
4752,1642
4753,66
4754,66
4755,66
4756,66
4757,66
4758,93
4759,60
4760,66
4761,60
4762,93
4763,154
4764,154
4765,1379
4766,1379
4767,219
4768,219
4769,88
4770,88
4771,132
4772,132
4773,140
4774,140
4775,82
4776,82
4777,123
4778,123
4779,60
4780,60
4781,66
4782,66
4783,60
4784,60
4785,74
4786,74
4787,74
4788,74
4789,66
4790,66
4791,326
4792,326
4793,1514
4794,2950
4795,1687
4796,66
4797,66
4798,86
4799,86
4800,136
4801,136
4802,86
4803,86
4804,136
4805,136
4806,74
4807,74
4808,74
4809,74
4810,90
4811,90
4812,121
4813,121
4814,218
4815,218
4816,220
4817,220
4818,93
4819,93
4820,154
4821,154
4822,86
4823,86
4824,136
4825,136
4826,86
4827,86
4828,136
4829,136
4830,74
4831,74
4832,74
4833,74
4834,90
4835,90
4836,121
4837,121
4838,291
4839,291
4840,1472
4841,1472
4842,93
4843,93
4844,154
4845,154
4846,86
4847,86
4848,136
4849,136
4850,86
4851,86
4852,136
4853,136
4854,74
4855,74
4856,74
4857,74
4858,90
4859,90
4860,121
4861,121
4862,74
4863,74
4864,74
4865,74
4866,90
4867,90
4868,121
4869,121
4870,74
4871,74
4872,74
4873,74
4874,66
4875,66
4876,1641
4877,1641
4878,66
4879,66
4880,1641
4881,1641
4882,66
4883,66
4884,66
4885,66
4886,66
4887,66
4888,60
4889,60
4890,93
4891,93
4892,154
4893,154
4894,1379
4895,1379
4896,219
4897,219
4898,88
4899,132
4900,132
4901,88
4902,140
4903,140
4904,82
4905,82
4906,193
4907,193
4908,228
4909,228
4910,195
4911,195
4912,280
4913,280
4914,66
4915,66
4916,311
4917,311
4918,71
4919,71
4920,382
4921,382
4922,66
4923,66
4924,71
4925,71
4926,71
4927,71
4928,71
4929,71
4930,90
4931,90
4932,90
4933,90
4934,66
4935,66
4936,66
4937,66
4938,66
4939,66
4940,66
4941,66
4942,66
4943,66
4944,66
4945,66
4946,66
4947,66
4948,66
4949,66
4950,81
4951,81
4952,81
4953,81
4954,92
4955,136
4956,136
4957,156
4958,145
4959,145
4960,81
4961,81
4962,81
4963,81
4964,92
4965,136
4966,136
4967,156
4968,145
4969,145
4970,81
4971,81
4972,81
4973,81
4974,92
4975,193
4976,193
4977,156
4978,145
4979,145
4980,81
4981,81
4982,81
4983,81
4984,145
4985,145
4986,136
4987,136
4988,74
4989,74
4990,74
4991,74
4992,85
4993,130
4994,130
4995,133
4996,122
4997,122
4998,82
4999,82
5000,132
5001,132
5002,74
5003,74
5004,74
5005,74
5006,66
5007,66
5008,145
5009,145
5010,201
5011,201
5012,66
5013,66
5014,73
5015,66
5016,73
5017,66
5018,66
5019,111
5020,111
5021,60
5022,66
5023,60
5024,161
5025,161
5026,80
5027,80
5028,130
5029,130
5030,74
5031,74
5032,74
5033,74
5034,66
5035,66
5036,326
5037,326
5038,1514
5039,2950
5040,1687
5041,66
5042,66
5043,86
5044,86
5045,136
5046,136
5047,86
5048,86
5049,136
5050,136
5051,74
5052,74
5053,74
5054,74
5055,90
5056,90
5057,121
5058,121
5059,218
5060,218
5061,221
5062,221
5063,93
5064,93
5065,154
5066,154
5067,86
5068,86
5069,136
5070,136
5071,86
5072,86
5073,136
5074,136
5075,74
5076,74
5077,74
5078,74
5079,90
5080,90
5081,121
5082,121
5083,292
5084,292
5085,1472
5086,1472
5087,93
5088,93
5089,154
5090,154
5091,86
5092,86
5093,136
5094,136
5095,86
5096,86
5097,136
5098,136
5099,74
5100,74
5101,74
5102,74
5103,90
5104,90
5105,121
5106,121
5107,74
5108,74
5109,74
5110,74
5111,90
5112,90
5113,121
5114,121
5115,74
5116,74
5117,74
5118,74
5119,66
5120,66
5121,1641
5122,1514
5123,193
5124,66
5125,66
5126,1642
5127,1642
5128,66
5129,66
5130,66
5131,66
5132,66
5133,60
5134,66
5135,60
5136,93
5137,93
5138,154
5139,154
5140,1379
5141,1379
5142,219
5143,219
5144,88
5145,132
5146,132
5147,88
5148,140
5149,140
5150,82
5151,82
5152,453
5153,453
5154,138
5155,138
5156,453
5157,453
5158,382
5159,382
5160,66
5161,66
5162,66
5163,66
5164,90
5165,90
5166,90
5167,90
5168,90
5169,90
5170,90
5171,90
5172,90
5173,90
5174,90
5175,90
5176,90
5177,90
5178,457
5179,234
5180,234
5181,234
5182,234
5183,234
5184,234
5185,234
5186,234
5187,234
5188,234
5189,234
5190,90
5191,90
5192,90
5193,90
5194,90
5195,90
5196,90
5197,90
5198,457
5199,70
5200,70
5201,70
5202,70
5203,70
5204,70
5205,70
5206,70
5207,70
5208,70
5209,70
5210,60
5211,60
5212,60
5213,60
5214,60
5215,60
5216,60
5217,60
5218,60
5219,60
5220,60
5221,60
5222,90
5223,90
5224,90
5225,90
5226,90
5227,90
5228,90
5229,90
5230,90
5231,90
5232,457
5233,234
5234,234
5235,234
5236,234
5237,234
5238,234
5239,234
5240,234
5241,234
5242,234
5243,234
5244,110
5245,110
5246,110
5247,110
5248,110
5249,110
5250,110
5251,110
5252,110
5253,110
5254,110
5255,90
5256,90
5257,90
5258,90
5259,457
5260,458
5261,457
5262,90
5263,90
5264,90
5265,90
5266,90
5267,90
5268,90
5269,90
5270,90
5271,90
5272,457
5273,110
5274,110
5275,110
5276,110
5277,110
5278,110
5279,110
5280,110
5281,110
5282,110
5283,110
5284,110
5285,110
5286,110
5287,110
5288,110
5289,110
5290,110
5291,110
5292,110
5293,90
5294,90
5295,90
5296,90
5297,90
5298,90
5299,90
5300,90
5301,90
5302,90
5303,60
5304,60
5305,60
5306,60
5307,60
5308,60
5309,60
5310,60
5311,60
5312,60
5313,60
5314,90
5315,60
5316,90
5317,90
5318,90
5319,90
5320,90
5321,90
5322,90
5323,90
5324,90
5325,90
5326,457
5327,458
5328,87
5329,87
5330,87
5331,87
5332,87
5333,87
5334,87
5335,87
5336,87
5337,87
5338,87
5339,141
5340,141
5341,141
5342,141
5343,141
5344,141
5345,141
5346,141
5347,141
5348,141
5349,141
5350,141
5351,141
5352,141
5353,141
5354,141
5355,141
5356,141
5357,141
5358,141
5359,141
5360,141
5361,78
5362,78
5363,78
5364,78
5365,78
5366,78
5367,78
5368,78
5369,78
5370,78
5371,78
5372,90
5373,90
5374,90
5375,90
5376,90
5377,90
5378,90
5379,90
5380,90
5381,90
5382,90
5383,110
5384,110
5385,110
5386,110
5387,110
5388,110
5389,110
5390,110
5391,110
5392,110
5393,110
5394,110
5395,110
5396,110
5397,110
5398,110
5399,110
5400,110
5401,110
5402,110
5403,110
5404,110
5405,141
5406,141
5407,141
5408,141
5409,141
5410,141
5411,141
5412,141
5413,141
5414,141
5415,141
5416,90
5417,90
5418,90
5419,90
5420,90
5421,90
5422,129
5423,129
5424,129
5425,129
5426,129
5427,129
5428,129
5429,129
5430,129
5431,129
5432,129
5433,60
5434,87
5435,87
5436,87
5437,87
5438,87
5439,87
5440,87
5441,87
5442,87
5443,87
5444,87
5445,60
5446,60
5447,90
5448,90
5449,90
5450,90
5451,90
5452,90
5453,90
5454,90
5455,90
5456,90
5457,90
5458,90
5459,90
5460,90
5461,90
5462,90
5463,90
5464,90
5465,90
5466,90
5467,90
5468,90
5469,458
5470,107
5471,107
5472,107
5473,107
5474,107
5475,107
5476,107
5477,107
5478,107
5479,107
5480,107
5481,90
5482,90
5483,90
5484,90
5485,90
5486,219
5487,219
5488,219
5489,219
5490,219
5491,219
5492,219
5493,219
5494,219
5495,219
5496,219
5497,199
5498,199
5499,199
5500,199
5501,199
5502,199
5503,199
5504,199
5505,199
5506,199
5507,199
5508,89
5509,89
5510,89
5511,89
5512,89
5513,89
5514,89
5515,89
5516,89
5517,89
5518,89
5519,90
5520,90
5521,90
5522,113
5523,113
5524,113
5525,113
5526,113
5527,113
5528,113
5529,113
5530,113
5531,113
5532,113
5533,219
5534,219
5535,219
5536,219
5537,219
5538,219
5539,219
5540,219
5541,219
5542,219
5543,219
5544,199
5545,199
5546,199
5547,199
5548,199
5549,199
5550,199
5551,199
5552,199
5553,199
5554,199
5555,60
5556,60
5557,60
5558,60
5559,60
5560,60
5561,60
5562,60
5563,60
5564,60
5565,60
5566,60
5567,60
5568,76
5569,76
5570,76
5571,76
5572,108
5573,108
5574,137
5575,137
5576,76
5577,76
5578,76
5579,76
5580,108
5581,108
5582,137
5583,137
5584,110
5585,110
5586,110
5587,110
5588,110
5589,110
5590,110
5591,110
5592,110
5593,110
5594,110
5595,65
5596,65
5597,140
5598,140
5599,90
5600,90
5601,90
5602,90
5603,90
5604,90
5605,90
5606,90
5607,90
5608,90
5609,90
5610,92
5611,92
5612,120
5613,106
5614,120
5615,106
5616,106
5617,106
5618,106
5619,106
5620,106
5621,106
5622,106
5623,106
5624,106
5625,86
5626,86
5627,86
5628,86
5629,86
5630,86
5631,86
5632,86
5633,86
5634,86
5635,86
5636,62
5637,62
5638,62
5639,62
5640,62
5641,62
5642,62
5643,62
5644,62
5645,62
5646,62
5647,60
5648,60
5649,60
5650,60
5651,60
5652,60
5653,60
5654,60
5655,60
5656,60
5657,60
5658,65
5659,65
5660,140
5661,140
5662,219
5663,219
5664,219
5665,219
5666,219
5667,219
5668,219
5669,219
5670,219
5671,219
5672,219
5673,199
5674,199
5675,199
5676,199
5677,199
5678,199
5679,199
5680,199
5681,199
5682,199
5683,199
5684,89
5685,89
5686,89
5687,89
5688,89
5689,89
5690,89
5691,89
5692,89
5693,89
5694,89
5695,187
5696,187
5697,187
5698,187
5699,187
5700,187
5701,187
5702,187
5703,187
5704,187
5705,187
5706,207
5707,207
5708,207
5709,207
5710,207
5711,207
5712,207
5713,207
5714,207
5715,207
5716,207
5717,106
5718,106
5719,106
5720,106
5721,106
5722,106
5723,106
5724,106
5725,106
5726,106
5727,106
5728,86
5729,86
5730,86
5731,86
5732,86
5733,86
5734,86
5735,86
5736,86
5737,86
5738,86
5739,110
5740,110
5741,110
5742,110
5743,110
5744,110
5745,110
5746,110
5747,110
5748,110
5749,110
5750,110
5751,110
5752,110
5753,110
5754,110
5755,110
5756,110
5757,110
5758,110
5759,110
5760,110
5761,107
5762,107
5763,107
5764,107
5765,107
5766,107
5767,107
5768,107
5769,107
5770,107
5771,107
5772,90
5773,90
5774,90
5775,90
5776,82
5777,82
5778,132
5779,132
5780,74
5781,74
5782,90
5783,90
5784,74
5785,74
5786,74
5787,74
5788,66
5789,66
5790,145
5791,145
5792,201
5793,201
5794,66
5795,66
5796,73
5797,73
5798,66
5799,66
5800,66
5801,66
5802,60
5803,60
5804,113
5805,113
5806,163
5807,163
5808,82
5809,82
5810,132
5811,132
5812,74
5813,74
5814,90
5815,90
5816,74
5817,74
5818,74
5819,74
5820,66
5821,66
5822,326
5823,326
5824,1514
5825,2950
5826,1687
5827,66
5828,66
5829,86
5830,86
5831,136
5832,136
5833,86
5834,86
5835,136
5836,136
5837,74
5838,74
5839,74
5840,74
5841,90
5842,90
5843,121
5844,121
5845,220
5846,220
5847,221
5848,221
5849,93
5850,93
5851,154
5852,154
5853,86
5854,86
5855,136
5856,136
5857,86
5858,86
5859,136
5860,136
5861,74
5862,74
5863,74
5864,74
5865,90
5866,90
5867,121
5868,121
5869,294
5870,294
5871,1484
5872,1484
5873,93
5874,93
5875,154
5876,154
5877,74
5878,74
5879,74
5880,74
5881,90
5882,90
5883,121
5884,121
5885,85
5886,85
5887,113
5888,113
5889,86
5890,86
5891,136
5892,136
5893,86
5894,86
5895,136
5896,136
5897,74
5898,74
5899,74
5900,74
5901,90
5902,90
5903,121
5904,121
5905,1514
5906,1514
5907,171
5908,171
5909,357
5910,357
5911,93
5912,93
5913,154
5914,154
5915,86
5916,86
5917,136
5918,136
5919,74
5920,74
5921,74
5922,74
5923,90
5924,90
5925,121
5926,121
5927,74
5928,74
5929,74
5930,74
5931,66
5932,66
5933,1679
5934,1679
5935,66
5936,66
5937,1682
5938,1682
5939,66
5940,66
5941,66
5942,66
5943,66
5944,93
5945,60
5946,66
5947,93
5948,60
5949,154
5950,154
5951,1403
5952,1403
5953,219
5954,219
5955,66
5956,66
5957,74
5958,74
5959,74
5960,74
5961,90
5962,90
5963,121
5964,121
5965,85
5966,85
5967,113
5968,113
5969,88
5970,88
5971,132
5972,132
5973,140
5974,140
5975,82
5976,82
5977,193
5978,193
5979,228
5980,228
5981,195
5982,195
5983,280
5984,280
5985,76
5986,76
5987,76
5988,76
5989,108
5990,108
5991,137
5992,137
5993,66
5994,66
5995,87
5996,87
5997,87
5998,87
5999,87
6000,87
6001,87
6002,87
6003,87
6004,87
6005,87
6006,311
6007,311
6008,193
6009,193
6010,66
6011,66
6012,382
6013,382
6014,66
6015,228
6016,66
6017,228
6018,66
6019,66
6020,195
6021,195
6022,280
6023,280
6024,311
6025,311
6026,382
6027,382
6028,82
6029,82
6030,132
6031,132
6032,74
6033,74
6034,90
6035,90
6036,74
6037,74
6038,74
6039,74
6040,66
6041,66
6042,145
6043,145
6044,201
6045,201
6046,66
6047,66
6048,73
6049,73
6050,66
6051,66
6052,66
6053,60
6054,66
6055,60
6056,111
6057,111
6058,161
6059,161
6060,80
6061,80
6062,130
6063,130
6064,74
6065,74
6066,74
6067,74
6068,66
6069,66
6070,326
6071,326
6072,1514
6073,2950
6074,1687
6075,66
6076,66
6077,86
6078,86
6079,136
6080,136
6081,86
6082,86
6083,136
6084,136
6085,74
6086,74
6087,74
6088,74
6089,90
6090,90
6091,121
6092,121
6093,220
6094,220
6095,221
6096,221
6097,93
6098,93
6099,154
6100,154
6101,86
6102,86
6103,136
6104,136
6105,86
6106,86
6107,136
6108,136
6109,74
6110,74
6111,74
6112,74
6113,90
6114,90
6115,121
6116,121
6117,294
6118,294
6119,1484
6120,1484
6121,93
6122,93
6123,154
6124,154
6125,74
6126,74
6127,74
6128,74
6129,90
6130,90
6131,121
6132,121
6133,85
6134,85
6135,113
6136,113
6137,86
6138,86
6139,136
6140,136
6141,86
6142,86
6143,136
6144,136
6145,74
6146,74
6147,74
6148,74
6149,90
6150,90
6151,121
6152,121
6153,1514
6154,171
6155,1514
6156,171
6157,357
6158,357
6159,93
6160,93
6161,154
6162,154
6163,86
6164,86
6165,136
6166,136
6167,74
6168,74
6169,74
6170,74
6171,90
6172,90
6173,121
6174,121
6175,74
6176,74
6177,74
6178,74
6179,66
6180,66
6181,1679
6182,1679
6183,66
6184,66
6185,1682
6186,1682
6187,66
6188,66
6189,66
6190,66
6191,66
6192,93
6193,93
6194,66
6195,60
6196,60
6197,154
6198,154
6199,1403
6200,1403
6201,219
6202,219
6203,74
6204,74
6205,74
6206,74
6207,90
6208,90
6209,121
6210,121
6211,85
6212,85
6213,113
6214,113
6215,88
6216,132
6217,132
6218,88
6219,140
6220,140
6221,82
6222,82
6223,335
6224,335
6225,382
6226,382
6227,335
6228,335
6229,382
6230,382
6231,469
6232,469
6233,138
6234,138
6235,469
6236,469
6237,382
6238,382
6239,73
6240,73
6241,73
6242,73
6243,66
6244,66
6245,66
6246,66
6247,152
6248,152
6249,152
6250,152
6251,152
6252,152
6253,152
6254,152
6255,152
6256,152
6257,152
6258,132
6259,132
6260,132
6261,132
6262,132
6263,132
6264,132
6265,132
6266,132
6267,132
6268,132
6269,187
6270,187
6271,187
6272,187
6273,187
6274,187
6275,187
6276,187
6277,187
6278,187
6279,187
6280,207
6281,207
6282,207
6283,207
6284,207
6285,207
6286,207
6287,207
6288,207
6289,207
6290,207
6291,92
6292,92
6293,120
6294,120
6295,90
6296,90
6297,152
6298,152
6299,152
6300,152
6301,152
6302,152
6303,152
6304,152
6305,152
6306,152
6307,152
6308,132
6309,132
6310,132
6311,132
6312,132
6313,132
6314,132
6315,132
6316,132
6317,132
6318,132
6319,90
6320,90
6321,129
6322,129
6323,129
6324,129
6325,129
6326,129
6327,129
6328,129
6329,129
6330,129
6331,129
6332,110
6333,110
6334,110
6335,110
6336,110
6337,110
6338,110
6339,110
6340,110
6341,110
6342,110
6343,222
6344,222
6345,222
6346,222
6347,222
6348,222
6349,222
6350,222
6351,222
6352,222
6353,222
6354,275
6355,275
6356,275
6357,275
6358,275
6359,275
6360,275
6361,275
6362,275
6363,275
6364,275
6365,252
6366,252
6367,252
6368,252
6369,252
6370,252
6371,252
6372,252
6373,252
6374,252
6375,252
6376,277
6377,277
6378,277
6379,277
6380,277
6381,277
6382,277
6383,277
6384,277
6385,277
6386,277
6387,107
6388,107
6389,107
6390,107
6391,107
6392,107
6393,107
6394,107
6395,107
6396,107
6397,107
6398,90
6399,90
6400,87
6401,87
6402,87
6403,87
6404,87
6405,87
6406,87
6407,87
6408,87
6409,87
6410,87
6411,92
6412,92
6413,120
6414,120
6415,187
6416,187
6417,187
6418,187
6419,187
6420,187
6421,187
6422,187
6423,187
6424,187
6425,187
6426,207
6427,207
6428,207
6429,207
6430,207
6431,207
6432,207
6433,207
6434,207
6435,207
6436,207
6437,90
6438,90
6439,90
6440,74
6441,74
6442,74
6443,74
6444,90
6445,90
6446,121
6447,121
6448,465
6449,465
6450,138
6451,138
6452,66
6453,66
6454,465
6455,465
6456,382
6457,382
6458,66
6459,66
6460,90
6461,457
6462,458
6463,62
6464,62
6465,62
6466,62
6467,62
6468,62
6469,62
6470,62
6471,62
6472,62
6473,62
6474,107
6475,107
6476,107
6477,107
6478,107
6479,107
6480,107
6481,107
6482,107
6483,107
6484,107
6485,81
6486,81
6487,81
6488,81
6489,145
6490,145
6491,136
6492,136
6493,60
6494,60
6495,60
6496,60
6497,60
6498,60
6499,60
6500,60
6501,60
6502,60
6503,60
6504,60
6505,90
6506,90
6507,90
6508,90
6509,87
6510,87
6511,87
6512,87
6513,87
6514,87
6515,87
6516,87
6517,87
6518,87
6519,87
6520,458
6521,90
6522,81
6523,81
6524,81
6525,81
6526,92
6527,136
6528,136
6529,90
6530,156
6531,145
6532,145
6533,90
6534,90
6535,90
6536,90
6537,90
6538,90
6539,458
6540,90
6541,90
6542,90
6543,90
6544,90
6545,90
6546,90
6547,90
6548,81
6549,81
6550,81
6551,81
6552,145
6553,145
6554,193
6555,193
6556,90
6557,90
6558,90
6559,90
6560,90
6561,90
6562,90
6563,90
6564,90
6565,90
6566,458
6567,107
6568,107
6569,107
6570,107
6571,107
6572,107
6573,107
6574,107
6575,107
6576,107
6577,107
6578,90
6579,90
6580,90
6581,90
6582,90
6583,90
6584,81
6585,81
6586,81
6587,81
6588,145
6589,145
6590,136
6591,136
6592,90
6593,90
6594,90
6595,90
6596,90
6597,90
6598,90
6599,90
6600,90
6601,90
6602,90
6603,90
6604,90
6605,90
6606,110
6607,110
6608,110
6609,110
6610,110
6611,110
6612,110
6613,110
6614,110
6615,110
6616,110
6617,110
6618,110
6619,110
6620,110
6621,110
6622,110
6623,110
6624,110
6625,110
6626,110
6627,110
6628,110
6629,110
6630,110
6631,110
6632,110
6633,110
6634,110
6635,110
6636,110
6637,110
6638,110
6639,110
6640,110
6641,110
6642,110
6643,110
6644,110
6645,110
6646,110
6647,110
6648,110
6649,110
6650,110
6651,110
6652,110
6653,110
6654,110
6655,110
6656,110
6657,110
6658,110
6659,110
6660,110
6661,279
6662,279
6663,279
6664,279
6665,279
6666,279
6667,279
6668,279
6669,279
6670,279
6671,279
6672,92
6673,92
6674,92
6675,92
6676,92
6677,92
6678,92
6679,92
6680,92
6681,92
6682,92
6683,60
6684,60
6685,60
6686,60
6687,60
6688,60
6689,60
6690,60
6691,60
6692,60
6693,60
6694,60
6695,60
6696,104
6697,104
6698,60
6699,458
6700,62
6701,62
6702,62
6703,62
6704,62
6705,62
6706,62
6707,62
6708,62
6709,62
6710,62
6711,452
6712,452
6713,138
6714,138
6715,66
6716,66
6717,452
6718,452
6719,382
6720,382
6721,66
6722,66
6723,107
6724,107
6725,107
6726,107
6727,107
6728,107
6729,107
6730,107
6731,107
6732,107
6733,87
6734,107
6735,87
6736,87
6737,87
6738,87
6739,87
6740,87
6741,87
6742,87
6743,87
6744,87
6745,90
6746,90
6747,90
6748,90
6749,90
6750,469
6751,469
6752,138
6753,138
6754,66
6755,66
6756,90
6757,469
6758,469
6759,382
6760,382
6761,66
6762,66
6763,469
6764,469
6765,138
6766,138
6767,469
6768,469
6769,382
6770,382
6771,90
6772,90
6773,90
6774,66
6775,66
6776,66
6777,66
6778,193
6779,193
6780,228
6781,228
6782,66
6783,66
6784,195
6785,195
6786,280
6787,280
6788,311
6789,311
6790,382
6791,382
6792,468
6793,468
6794,138
6795,138
6796,66
6797,66
6798,468
6799,468
6800,382
6801,382
6802,90
6803,66
6804,66
6805,458
6806,136
6807,136
6808,181
6809,181
6810,127
6811,127
6812,177
6813,177
6814,96
6815,96
6816,146
6817,146
6818,136
6819,136
6820,181
6821,181
6822,107
6823,107
6824,107
6825,107
6826,107
6827,107
6828,107
6829,107
6830,107
6831,107
6832,107
6833,87
6834,87
6835,87
6836,87
6837,87
6838,87
6839,87
6840,87
6841,87
6842,87
6843,87
6844,470
6845,470
6846,138
6847,138
6848,66
6849,66
6850,470
6851,470
6852,382
6853,382
6854,66
6855,66
6856,90
6857,90
6858,90
6859,90
6860,90
6861,90
6862,90
6863,90
6864,90
6865,90
6866,90
6867,90
6868,90
6869,90
6870,90
6871,90
6872,74
6873,74
6874,74
6875,74
6876,66
6877,66
6878,118
6879,118
6880,127
6881,127
6882,66
6883,66
6884,130
6885,130
6886,162
6887,162
6888,92
6889,92
6890,204
6891,204
6892,66
6893,66
6894,110
6895,110
6896,110
6897,110
6898,110
6899,110
6900,110
6901,110
6902,110
6903,110
6904,110
6905,110
6906,110
6907,110
6908,110
6909,110
6910,110
6911,110
6912,110
6913,110
6914,110
6915,110
6916,110
6917,110
6918,110
6919,110
6920,110
6921,110
6922,110
6923,110
6924,110
6925,110
6926,110
6927,110
6928,110
6929,110
6930,110
6931,110
6932,110
6933,110
6934,110
6935,110
6936,110
6937,110
6938,110
6939,110
6940,110
6941,110
6942,110
6943,110
6944,110
6945,110
6946,110
6947,110
6948,110
6949,110
6950,110
6951,110
6952,110
6953,110
6954,110
6955,110
6956,110
6957,110
6958,110
6959,110
6960,110
6961,110
6962,110
6963,110
6964,110
6965,110
6966,110
6967,110
6968,110
6969,110
6970,110
6971,110
6972,110
6973,110
6974,110
6975,110
6976,110
6977,110
6978,110
6979,110
6980,110
6981,110
6982,110
6983,110
6984,110
6985,110
6986,110
6987,110
6988,110
6989,110
6990,110
6991,110
6992,110
6993,110
6994,110
6995,110
6996,110
6997,110
6998,110
6999,110
7000,110
7001,110
7002,110
7003,110
7004,185
7005,185
7006,136
7007,136
7008,197
7009,197
7010,248
7011,248
7012,279
7013,279
7014,1502
7015,1502
7016,74
7017,74
7018,74
7019,74
7020,66
7021,66
7022,70
7023,70
7024,458
7025,66
7026,66
7027,1496
7028,1496
7029,1461
7030,1461
7031,66
7032,66
7033,66
7034,66
7035,66
7036,66
7037,60
7038,60
7039,74
7040,74
7041,74
7042,74
7043,66
7044,66
7045,70
7046,70
7047,66
7048,66
7049,1495
7050,1495
7051,1404
7052,1404
7053,66
7054,66
7055,66
7056,66
7057,66
7058,66
7059,60
7060,60
7061,1514
7062,2870
7063,1422
7064,66
7065,66
7066,271
7067,271
7068,66
7069,66
7070,105
7071,105
7072,66
7073,66
7074,66
7075,66
7076,60
7077,60
7078,90
7079,90
7080,90
7081,90
7082,110
7083,110
7084,110
7085,110
7086,110
7087,110
7088,104
7089,104
7090,104
7091,104
7092,104
7093,104
7094,92
7095,92
7096,104
7097,104
7098,225
7099,225
7100,225
7101,225
7102,225
7103,225
7104,225
7105,225
7106,225
7107,225
7108,225
7109,92
7110,92
7111,104
7112,104
7113,225
7114,225
7115,225
7116,225
7117,225
7118,225
7119,225
7120,225
7121,225
7122,225
7123,225
7124,90
7125,90
7126,90
7127,90
7128,90
7129,90
7130,90
7131,90
7132,90
7133,90
7134,90
7135,90
7136,90
7137,90
7138,458
7139,107
7140,107
7141,107
7142,107
7143,107
7144,107
7145,107
7146,107
7147,87
7148,107
7149,107
7150,87
7151,87
7152,107
7153,87
7154,87
7155,87
7156,87
7157,87
7158,87
7159,87
7160,87
7161,90
7162,90
7163,90
7164,90
7165,90
7166,90
7167,90
7168,90
7169,90
7170,90
7171,90
7172,90
7173,90
7174,90
7175,90
7176,90
7177,90
7178,90
7179,110
7180,110
7181,110
7182,110
7183,110
7184,110
7185,110
7186,110
7187,110
7188,110
7189,110
7190,110
7191,110
7192,110
7193,110
7194,110
7195,110
7196,110
7197,110
7198,110
7199,110
7200,110
7201,110
7202,110
7203,110
7204,110
7205,110
7206,110
7207,110
7208,110
7209,110
7210,110
7211,110
7212,110
7213,110
7214,110
7215,110
7216,110
7217,110
7218,110
7219,110
7220,110
7221,110
7222,110
7223,110
7224,110
7225,110
7226,110
7227,110
7228,110
7229,110
7230,110
7231,110
7232,110
7233,110
7234,236
7235,236
7236,236
7237,236
7238,236
7239,236
7240,236
7241,236
7242,236
7243,236
7244,236
7245,234
7246,234
7247,234
7248,234
7249,234
7250,234
7251,234
7252,234
7253,234
7254,234
7255,234
7256,90
7257,90
7258,90
7259,90
7260,90
7261,90
7262,90
7263,90
7264,90
7265,90
7266,90
7267,90
7268,90
7269,90
7270,87
7271,87
7272,87
7273,87
7274,87
7275,87
7276,87
7277,87
7278,87
7279,87
7280,87
7281,90
7282,90
7283,90
7284,90
7285,90
7286,90
7287,90
7288,90
7289,90
7290,90
7291,90
7292,90
7293,90
7294,90
7295,90
7296,90
7297,60
7298,60
7299,60
7300,60
7301,60
7302,60
7303,90
7304,90
7305,90
7306,90
7307,90
7308,90
7309,90
7310,90
7311,90
7312,90
7313,90
7314,90
7315,90
7316,90
7317,90
7318,90
7319,90
7320,60
7321,60
7322,60
7323,60
7324,107
7325,107
7326,107
7327,107
7328,107
7329,107
7330,107
7331,107
7332,107
7333,107
7334,107
7335,468
7336,468
7337,138
7338,138
7339,66
7340,66
7341,468
7342,468
7343,382
7344,382
7345,66
7346,66
7347,234
7348,234
7349,234
7350,234
7351,234
7352,234
7353,234
7354,234
7355,234
7356,234
7357,234
7358,107
7359,107
7360,107
7361,107
7362,107
7363,107
7364,107
7365,107
7366,107
7367,107
7368,107
7369,87
7370,87
7371,87
7372,87
7373,87
7374,87
7375,87
7376,87
7377,87
7378,87
7379,87
7380,90
7381,90
7382,90
7383,90
7384,90
7385,90
7386,90
7387,90
7388,90
7389,90
7390,90
7391,90
7392,90
7393,90
7394,90
7395,90
7396,60
7397,60
7398,60
7399,60
7400,60
7401,60
7402,60
7403,60
7404,60
7405,60
7406,60
7407,60
7408,60
7409,60
7410,60
7411,60
7412,60
7413,60
7414,60
7415,60
7416,60
7417,60
7418,78
7419,78
7420,78
7421,78
7422,78
7423,78
7424,78
7425,78
7426,78
7427,78
7428,78
7429,78
7430,78
7431,78
7432,78
7433,78
7434,78
7435,78
7436,78
7437,78
7438,78
7439,78
7440,60
7441,60
7442,60
7443,60
7444,60
7445,60
7446,60
7447,60
7448,60
7449,60
7450,60
7451,60
7452,60
7453,60
7454,60
7455,60
7456,60
7457,60
7458,60
7459,60
7460,78
7461,60
7462,60
7463,78
7464,78
7465,78
7466,78
7467,78
7468,78
7469,78
7470,78
7471,78
7472,78
7473,78
7474,78
7475,78
7476,78
7477,78
7478,78
7479,78
7480,78
7481,78
7482,78
7483,78
7484,90
7485,90
7486,90
7487,90
7488,90
7489,99
7490,99
7491,99
7492,99
7493,99
7494,99
7495,99
7496,99
7497,99
7498,99
7499,99
7500,79
7501,79
7502,79
7503,79
7504,79
7505,79
7506,79
7507,79
7508,79
7509,79
7510,79
7511,90
7512,90
7513,90
7514,90
7515,90
7516,90
7517,90
7518,90
7519,90
7520,90
7521,90
7522,90
7523,90
7524,90
7525,90
7526,90
7527,90
7528,90
7529,457
7530,234
7531,234
7532,234
7533,234
7534,234
7535,234
7536,234
7537,234
7538,234
7539,234
7540,234
7541,99
7542,99
7543,99
7544,99
7545,99
7546,99
7547,99
7548,99
7549,99
7550,99
7551,99
7552,79
7553,79
7554,79
7555,79
7556,79
7557,79
7558,79
7559,79
7560,79
7561,79
7562,79
7563,90
7564,90
7565,90
7566,90
7567,90
7568,90
7569,90
7570,90
7571,90
7572,90
7573,90
7574,90
7575,90
7576,90
7577,90
7578,90
7579,90
7580,90
7581,90
7582,90
7583,90
7584,60
7585,60
7586,60
7587,60
7588,60
7589,60
7590,60
7591,60
7592,60
7593,60
7594,60
7595,90
7596,90
7597,90
7598,90
7599,90
7600,90
7601,90
7602,90
7603,90
7604,90
7605,90
7606,90
7607,90
7608,90
7609,90
7610,234
7611,234
7612,234
7613,234
7614,234
7615,234
7616,234
7617,234
7618,234
7619,234
7620,234
7621,234
7622,79
7623,79
7624,79
7625,79
7626,79
7627,79
7628,79
7629,79
7630,79
7631,79
7632,79
7633,79
7634,90
7635,90
7636,90
7637,90
7638,90
7639,90
7640,90
7641,90
7642,90
7643,90
7644,90
7645,90
7646,101
7647,101
7648,101
7649,101
7650,101
7651,101
7652,101
7653,101
7654,101
7655,101
7656,101
7657,101
7658,81
7659,81
7660,81
7661,81
7662,81
7663,81
7664,81
7665,81
7666,81
7667,81
7668,81
7669,81
7670,469
7671,469
7672,138
7673,138
7674,66
7675,66
7676,469
7677,469
7678,382
7679,382
7680,66
7681,66
7682,457
7683,90
7684,90
7685,90
7686,90
7687,90
7688,90
7689,90
7690,90
7691,90
7692,90
7693,90
7694,90
7695,90
7696,90
7697,90
7698,90
7699,234
7700,234
7701,234
7702,234
7703,234
7704,234
7705,234
7706,234
7707,234
7708,234
7709,234
7710,234
7711,90
7712,90
7713,90
7714,90
7715,90
7716,90
7717,90
7718,90
7719,90
7720,90
7721,90
7722,90
7723,90
7724,90
7725,90
7726,90
7727,90
7728,90
7729,90
7730,90
7731,457
7732,457
7733,107
7734,107
7735,107
7736,107
7737,107
7738,107
7739,107
7740,107
7741,87
7742,107
7743,87
7744,107
7745,87
7746,87
7747,107
7748,87
7749,87
7750,107
7751,87
7752,87
7753,87
7754,87
7755,87
7756,87
7757,90
7758,90
7759,90
7760,83
7761,83
7762,100
7763,90
7764,90
7765,90
7766,209
7767,235
7768,235
7769,457
7770,66
7771,66
7772,60
7773,255
7774,60
7775,1514
7776,1514
7777,1514
7778,60
7779,1514
7780,60
7781,1103
7782,469
7783,469
7784,138
7785,138
7786,66
7787,66
7788,469
7789,469
7790,382
7791,382
7792,66
7793,66
7794,90
7795,90
7796,90
7797,90
7798,90
7799,60
7800,60
7801,90
7802,90
7803,90
7804,90
7805,90
7806,457
7807,335
7808,335
7809,382
7810,382
7811,66
7812,66
7813,335
7814,335
7815,382
7816,382
7817,66
7818,66
7819,90
7820,90
7821,90
7822,90
7823,457
7824,90
7825,90
7826,90
7827,90
7828,90
7829,90
7830,90
7831,90
7832,457
7833,457
7834,60
7835,60
7836,90
7837,90
7838,90
7839,90
7840,90
7841,90
7842,457
7843,87
7844,87
7845,87
7846,87
7847,87
7848,87
7849,87
7850,87
7851,87
7852,87
7853,87
7854,87
7855,457
7856,90
7857,90
7858,90
7859,90
7860,90
7861,90
7862,107
7863,107
7864,107
7865,107
7866,107
7867,107
7868,107
7869,107
7870,107
7871,107
7872,107
7873,107
7874,458
7875,90
7876,90
7877,87
7878,87
7879,87
7880,87
7881,87
7882,87
7883,87
7884,87
7885,87
7886,87
7887,87
7888,87
7889,107
7890,107
7891,107
7892,107
7893,107
7894,107
7895,107
7896,107
7897,107
7898,107
7899,107
7900,107
7901,60
7902,60
7903,60
7904,60
7905,60
7906,60
7907,60
7908,60
7909,60
7910,60
7911,60
7912,60
7913,60
7914,60
7915,60
7916,60
7917,60
7918,60
7919,60
7920,60
7921,60
7922,60
7923,60
7924,60
7925,78
7926,78
7927,78
7928,78
7929,78
7930,78
7931,78
7932,78
7933,78
7934,78
7935,78
7936,78
7937,78
7938,78
7939,78
7940,78
7941,78
7942,78
7943,78
7944,78
7945,78
7946,78
7947,78
7948,78
7949,60
7950,60
7951,60
7952,60
7953,60
7954,60
7955,60
7956,60
7957,60
7958,60
7959,60
7960,60
7961,60
7962,60
7963,60
7964,60
7965,60
7966,60
7967,60
7968,60
7969,60
7970,78
7971,60
7972,60
7973,60
7974,78
7975,78
7976,78
7977,78
7978,78
7979,78
7980,78
7981,78
7982,78
7983,78
7984,78
7985,78
7986,78
7987,78
7988,78
7989,78
7990,78
7991,78
7992,78
7993,78
7994,78
7995,78
7996,78
7997,66
7998,66
7999,60
8000,60
8001,99
8002,99
8003,99
8004,99
8005,99
8006,99
8007,99
8008,99
8009,99
8010,99
8011,99
8012,99
8013,79
8014,79
8015,79
8016,79
8017,79
8018,79
8019,79
8020,79
8021,79
8022,79
8023,79
8024,79
8025,193
8026,193
8027,251
8028,251
8029,60
8030,60
8031,66
8032,60
8033,66
8034,60
8035,74
8036,74
8037,74
8038,74
8039,66
8040,66
8041,326
8042,326
8043,1514
8044,2950
8045,1687
8046,66
8047,66
8048,86
8049,86
8050,136
8051,136
8052,86
8053,86
8054,136
8055,136
8056,74
8057,74
8058,74
8059,74
8060,90
8061,90
8062,121
8063,121
8064,216
8065,216
8066,221
8067,221
8068,93
8069,93
8070,154
8071,154
8072,86
8073,86
8074,136
8075,136
8076,86
8077,86
8078,136
8079,136
8080,74
8081,74
8082,74
8083,74
8084,90
8085,90
8086,121
8087,121
8088,290
8089,290
8090,1452
8091,1452
8092,93
8093,93
8094,154
8095,154
8096,86
8097,86
8098,136
8099,136
8100,86
8101,86
8102,136
8103,136
8104,74
8105,74
8106,74
8107,74
8108,90
8109,90
8110,121
8111,121
8112,1514
8113,113
8114,1514
8115,113
8116,331
8117,331
8118,93
8119,93
8120,457
8121,154
8122,154
8123,86
8124,86
8125,136
8126,136
8127,74
8128,74
8129,74
8130,74
8131,90
8132,90
8133,121
8134,121
8135,74
8136,74
8137,74
8138,74
8139,66
8140,66
8141,1621
8142,1621
8143,66
8144,66
8145,1620
8146,1620
8147,66
8148,66
8149,66
8150,66
8151,66
8152,60
8153,66
8154,60
8155,93
8156,93
8157,154
8158,154
8159,1359
8160,1359
8161,219
8162,219
8163,88
8164,132
8165,132
8166,88
8167,140
8168,140
8169,82
8170,82
8171,193
8172,193
8173,228
8174,228
8175,195
8176,195
8177,280
8178,280
8179,311
8180,311
8181,382
8182,382
8183,82
8184,82
8185,132
8186,132
8187,74
8188,74
8189,74
8190,74
8191,66
8192,66
8193,145
8194,145
8195,201
8196,201
8197,66
8198,66
8199,73
8200,66
8201,73
8202,66
8203,66
8204,111
8205,66
8206,60
8207,60
8208,111
8209,161
8210,161
8211,80
8212,80
8213,130
8214,130
8215,74
8216,74
8217,74
8218,74
8219,66
8220,66
8221,326
8222,326
8223,1514
8224,2950
8225,1687
8226,66
8227,66
8228,86
8229,86
8230,136
8231,136
8232,86
8233,86
8234,136
8235,136
8236,74
8237,74
8238,74
8239,74
8240,90
8241,90
8242,121
8243,121
8244,216
8245,216
8246,221
8247,221
8248,93
8249,93
8250,154
8251,154
8252,86
8253,86
8254,136
8255,136
8256,86
8257,86
8258,136
8259,136
8260,74
8261,74
8262,74
8263,74
8264,90
8265,90
8266,121
8267,121
8268,290
8269,290
8270,1452
8271,1452
8272,93
8273,93
8274,154
8275,154
8276,86
8277,86
8278,136
8279,136
8280,86
8281,86
8282,136
8283,136
8284,74
8285,74
8286,74
8287,74
8288,90
8289,90
8290,121
8291,121
8292,1514
8293,112
8294,1514
8295,112
8296,331
8297,331
8298,93
8299,93
8300,154
8301,154
8302,86
8303,86
8304,136
8305,136
8306,74
8307,74
8308,74
8309,74
8310,90
8311,90
8312,121
8313,121
8314,74
8315,74
8316,74
8317,74
8318,66
8319,66
8320,1620
8321,66
8322,1620
8323,66
8324,1620
8325,66
8326,1620
8327,66
8328,66
8329,66
8330,66
8331,66
8332,60
8333,60
8334,93
8335,93
8336,154
8337,154
8338,1358
8339,1358
8340,218
8341,218
8342,88
8343,88
8344,132
8345,132
8346,140
8347,140
8348,82
8349,82
8350,468
8351,468
8352,138
8353,138
8354,468
8355,468
8356,382
8357,382
8358,66
8359,66
8360,66
8361,66
8362,92
8363,92
8364,92
8365,92
8366,92
8367,92
8368,92
8369,92
8370,92
8371,92
8372,92
8373,92
8374,123
8375,123
8376,173
8377,173
8378,135
8379,135
8380,179
8381,179
8382,127
8383,127
8384,177
8385,177
8386,96
8387,96
8388,146
8389,146
8390,136
8391,136
8392,181
8393,181
8394,74
8395,74
8396,74
8397,74
8398,66
8399,66
8400,118
8401,118
8402,127
8403,127
8404,66
8405,66
8406,130
8407,130
8408,162
8409,162
8410,92
8411,92
8412,204
8413,204
8414,66
8415,66
8416,185
8417,185
8418,136
8419,136
8420,193
8421,193
8422,244
8423,244
8424,275
8425,275
8426,1466
8427,1466
8428,1440
8429,1440
8430,1401
8431,1401
8432,1439
8433,1439
8434,1344
8435,1344
8436,1514
8437,2806
8438,1358
8439,66
8440,66
8441,271
8442,271
8443,66
8444,66
8445,105
8446,66
8447,105
8448,66
8449,66
8450,66
8451,60
8452,60
8453,465
8454,465
8455,138
8456,138
8457,66
8458,66
8459,465
8460,465
8461,382
8462,382
8463,66
8464,66
8465,335
8466,335
8467,382
8468,382
8469,335
8470,335
8471,382
8472,382
8473,66
8474,66
8475,99
8476,99
8477,99
8478,99
8479,99
8480,99
8481,99
8482,99
8483,99
8484,99
8485,99
8486,99
8487,79
8488,79
8489,79
8490,79
8491,79
8492,79
8493,79
8494,79
8495,79
8496,79
8497,79
8498,79
8499,92
8500,92
8501,92
8502,92
8503,92
8504,92
8505,92
8506,92
8507,92
8508,92
8509,92
8510,92
8511,107
8512,107
8513,107
8514,107
8515,107
8516,107
8517,107
8518,107
8519,107
8520,107
8521,107
8522,87
8523,107
8524,87
8525,87
8526,87
8527,87
8528,87
8529,87
8530,87
8531,87
8532,87
8533,87
8534,87
8535,60
8536,60
8537,60
8538,60
8539,60
8540,60
8541,60
8542,60
8543,60
8544,60
8545,60
8546,60
8547,92
8548,92
8549,92
8550,92
8551,92
8552,92
8553,92
8554,92
8555,92
8556,92
8557,92
8558,92
8559,79
8560,79
8561,79
8562,79
8563,79
8564,79
8565,79
8566,79
8567,79
8568,79
8569,79
8570,458
8571,90
8572,90
8573,90
8574,90
8575,60
8576,60
8577,60
8578,60
8579,60
8580,60
8581,60
8582,60
8583,60
8584,60
8585,60
8586,60
8587,458
8588,469
8589,469
8590,138
8591,138
8592,66
8593,66
8594,469
8595,469
8596,382
8597,382
8598,66
8599,66
8600,60
8601,60
8602,60
8603,60
8604,60
8605,60
8606,60
8607,60
8608,60
8609,60
8610,60
8611,60
8612,90
8613,90
8614,60
8615,60
8616,60
8617,60
8618,60
8619,60
8620,60
8621,60
8622,60
8623,60
8624,60
8625,60
8626,60
8627,60
8628,60
8629,60
8630,60
8631,60
8632,60
8633,60
8634,60
8635,60
8636,60
8637,60
8638,60
8639,60
8640,60
8641,60
8642,60
8643,60
8644,60
8645,60
8646,60
8647,60
8648,60
8649,60
8650,60
8651,60
8652,60
8653,60
8654,60
8655,60
8656,60
8657,60
8658,60
8659,60
8660,60
8661,60
8662,60
8663,60
8664,60
8665,82
8666,82
8667,74
8668,74
8669,71
8670,71
8671,132
8672,132
8673,90
8674,90
8675,87
8676,87
8677,60
8678,60
8679,60
8680,60
8681,60
8682,60
8683,60
8684,60
8685,60
8686,60
8687,60
8688,60
8689,60
8690,60
8691,86
8692,86
8693,117
8694,117
8695,82
8696,82
8697,132
8698,132
8699,71
8700,71
8701,87
8702,87
8703,60
8704,60
8705,60
8706,60
8707,60
8708,60
8709,60
8710,60
8711,60
8712,60
8713,60
8714,60
8715,60
8716,60
8717,84
8718,84
8719,74
8720,74
8721,95
8722,85
8723,148
8724,137
8725,137
8726,96
8727,96
8728,157
8729,157
8730,198
8731,187
8732,187
8733,60
8734,60
8735,60
8736,60
8737,60
8738,60
8739,60
8740,60
8741,60
8742,60
8743,60
8744,60
8745,60
8746,90
8747,90
8748,90
8749,90
8750,90
8751,457
8752,90
8753,90
8754,90
8755,90
8756,90
8757,90
8758,90
8759,90
8760,90
8761,90
8762,90
8763,90
8764,90
8765,90
8766,90
8767,90
8768,90
8769,90
8770,86
8771,86
8772,122
8773,122
8774,122
8775,122
8776,122
8777,122
8778,122
8779,122
8780,122
8781,122
8782,122
8783,122
8784,115
8785,115
8786,115
8787,115
8788,115
8789,115
8790,115
8791,115
8792,115
8793,115
8794,115
8795,115
8796,117
8797,117
8798,90
8799,90
8800,90
8801,90
8802,60
8803,90
8804,90
8805,90
8806,90
8807,90
8808,97
8809,97
8810,97
8811,97
8812,97
8813,97
8814,97
8815,97
8816,97
8817,97
8818,97
8819,97
8820,90
8821,90
8822,90
8823,90
8824,90
8825,90
8826,90
8827,90
8828,97
8829,97
8830,97
8831,97
8832,97
8833,97
8834,97
8835,97
8836,97
8837,97
8838,97
8839,97
8840,85
8841,85
8842,85
8843,85
8844,85
8845,85
8846,60
8847,85
8848,60
8849,85
8850,60
8851,85
8852,60
8853,85
8854,60
8855,85
8856,60
8857,85
8858,60
8859,60
8860,60
8861,60
8862,60
8863,60
8864,91
8865,91
8866,91
8867,91
8868,91
8869,91
8870,91
8871,91
8872,91
8873,91
8874,91
8875,91
8876,85
8877,85
8878,85
8879,85
8880,85
8881,85
8882,85
8883,85
8884,85
8885,85
8886,85
8887,85
8888,60
8889,60
8890,60
8891,60
8892,60
8893,60
8894,60
8895,60
8896,60
8897,60
8898,60
8899,60
8900,85
8901,85
8902,85
8903,85
8904,85
8905,85
8906,85
8907,85
8908,85
8909,85
8910,85
8911,85
8912,115
8913,115
8914,115
8915,115
8916,115
8917,115
8918,115
8919,115
8920,115
8921,115
8922,115
8923,115
8924,84
8925,84
8926,84
8927,84
8928,84
8929,84
8930,84
8931,84
8932,84
8933,84
8934,84
8935,84
8936,85
8937,85
8938,85
8939,85
8940,85
8941,85
8942,85
8943,85
8944,85
8945,85
8946,85
8947,85
8948,85
8949,85
8950,85
8951,85
8952,85
8953,85
8954,85
8955,85
8956,85
8957,85
8958,85
8959,85
8960,90
8961,90
8962,85
8963,85
8964,85
8965,85
8966,85
8967,85
8968,85
8969,85
8970,85
8971,85
8972,85
8973,85
8974,457
8975,457
8976,85
8977,85
8978,85
8979,85
8980,85
8981,85
8982,85
8983,85
8984,85
8985,85
8986,85
8987,85
8988,91
8989,91
8990,91
8991,91
8992,91
8993,91
8994,91
8995,91
8996,91
8997,91
8998,91
8999,91
9000,85
9001,85
9002,85
9003,85
9004,85
9005,85
9006,85
9007,85
9008,85
9009,85
9010,85
9011,85
9012,85
9013,85
9014,85
9015,85
9016,85
9017,85
9018,85
9019,85
9020,85
9021,85
9022,85
9023,85
9024,85
9025,85
9026,85
9027,85
9028,85
9029,85
9030,85
9031,85
9032,85
9033,85
9034,85
9035,85
9036,457
9037,90
9038,90
9039,90
9040,90
9041,90
9042,90
9043,90
9044,90
9045,90
9046,60
9047,60
9048,60
9049,60
9050,60
9051,60
9052,60
9053,60
9054,60
9055,60
9056,60
9057,60
9058,90
9059,457
9060,60
9061,60
9062,60
9063,60
9064,60
9065,60
9066,60
9067,60
9068,60
9069,60
9070,60
9071,60
9072,85
9073,85
9074,85
9075,85
9076,85
9077,85
9078,85
9079,85
9080,85
9081,85
9082,85
9083,85
9084,131
9085,131
9086,131
9087,131
9088,131
9089,131
9090,131
9091,131
9092,131
9093,131
9094,131
9095,131
9096,60
9097,60
9098,60
9099,60
9100,60
9101,60
9102,60
9103,60
9104,60
9105,60
9106,60
9107,60
9108,60
9109,60
9110,60
9111,60
9112,60
9113,60
9114,60
9115,60
9116,60
9117,60
9118,60
9119,60
9120,60
9121,60
9122,60
9123,60
9124,457
9125,90
9126,90
9127,60
9128,60
9129,60
9130,60
9131,85
9132,85
9133,85
9134,85
9135,85
9136,85
9137,85
9138,85
9139,85
9140,85
9141,85
9142,85
9143,84
9144,84
9145,84
9146,84
9147,84
9148,84
9149,84
9150,84
9151,84
9152,84
9153,84
9154,84
9155,85
9156,85
9157,85
9158,85
9159,85
9160,85
9161,85
9162,85
9163,85
9164,85
9165,85
9166,85
9167,60
9168,60
9169,60
9170,60
9171,60
9172,60
9173,60
9174,60
9175,60
9176,60
9177,60
9178,60
9179,457
9180,90
9181,90
9182,457
9183,90
9184,90
9185,457
9186,90
9187,90
9188,90
9189,90
9190,90
9191,90
9192,85
9193,85
9194,85
9195,85
9196,85
9197,85
9198,85
9199,85
9200,85
9201,85
9202,85
9203,85
9204,457
9205,131
9206,131
9207,131
9208,131
9209,131
9210,131
9211,131
9212,131
9213,131
9214,131
9215,131
9216,131
9217,457
9218,60
9219,60
9220,85
9221,85
9222,85
9223,85
9224,85
9225,85
9226,85
9227,85
9228,85
9229,85
9230,85
9231,85
9232,457
9233,457
9234,83
9235,83
9236,89
9237,121
9238,235
9239,235
9240,66
9241,66
9242,60
9243,340
9244,60
9245,295
9246,60
9247,90
9248,90
9249,90
9250,90
9251,90
9252,90
9253,85
9254,85
9255,113
9256,113
9257,131
9258,131
9259,131
9260,131
9261,131
9262,131
9263,131
9264,131
9265,131
9266,131
9267,131
9268,131
9269,87
9270,87
9271,98
9272,152
9273,141
9274,141
9275,115
9276,84
9277,84
9278,84
9279,84
9280,84
9281,84
9282,84
9283,84
9284,84
9285,84
9286,84
9287,84
9288,167
9289,66
9290,66
9291,60
9292,266
9293,1514
9294,1514
9295,901
9296,60
9297,236
9298,161
9299,875
9300,1494
9301,2795
9302,1163
9303,60
9304,60
9305,60
9306,395
9307,60
9308,60
9309,60
9310,60
9311,60
9312,96
9313,164
9314,85
9315,85
9316,85
9317,85
9318,85
9319,85
9320,85
9321,85
9322,85
9323,85
9324,85
9325,85
9326,458
9327,87
9328,87
9329,87
9330,87
9331,87
9332,87
9333,87
9334,87
9335,87
9336,87
9337,87
9338,87
9339,107
9340,107
9341,107
9342,107
9343,107
9344,107
9345,107
9346,107
9347,107
9348,107
9349,107
9350,107
9351,85
9352,85
9353,85
9354,85
9355,85
9356,85
9357,85
9358,85
9359,85
9360,85
9361,85
9362,85
9363,90
9364,90
9365,78
9366,78
9367,74
9368,74
9369,66
9370,66
9371,77
9372,77
9373,93
9374,93
9375,78
9376,78
9377,74
9378,74
9379,66
9380,66
9381,105
9382,105
9383,1514
9384,2798
9385,1528
9386,66
9387,66
9388,66
9389,66
9390,73
9391,73
9392,66
9393,66
9394,66
9395,66
9396,60
9397,60
9398,66
9399,66
9400,60
9401,60
9402,60
9403,60
9404,60
9405,60
9406,90
9407,90
9408,90
9409,90
9410,457
9411,107
9412,107
9413,107
9414,107
9415,107
9416,107
9417,107
9418,107
9419,107
9420,107
9421,87
9422,107
9423,87
9424,107
9425,87
9426,87
9427,87
9428,87
9429,87
9430,87
9431,87
9432,87
9433,87
9434,87
9435,90
9436,90
9437,60
9438,60
9439,131
9440,131
9441,131
9442,131
9443,131
9444,131
9445,131
9446,131
9447,131
9448,131
9449,131
9450,131
9451,90
9452,90
9453,90
9454,90
9455,90
9456,90
9457,90
9458,90
9459,78
9460,78
9461,74
9462,74
9463,66
9464,66
9465,78
9466,78
9467,74
9468,74
9469,66
9470,66
9471,105
9472,105
9473,1514
9474,2798
9475,1528
9476,66
9477,66
9478,66
9479,66
9480,66
9481,66
9482,60
9483,66
9484,66
9485,60
9486,60
9487,60
9488,60
9489,60
9490,60
9491,60
9492,280
9493,280
9494,1372
9495,1372
9496,1354
9497,1354
9498,1344
9499,1344
9500,85
9501,85
9502,113
9503,113
9504,1368
9505,1368
9506,1404
9507,1404
9508,1371
9509,1371
9510,241
9511,241
9512,66
9513,66
9514,88
9515,88
9516,114
9517,114
9518,66
9519,66
9520,122
9521,122
9522,82
9523,82
9524,66
9525,66
9526,258
9527,258
9528,352
9529,352
9530,66
9531,66
9532,258
9533,258
9534,352
9535,352
9536,66
9537,66
9538,258
9539,258
9540,352
9541,352
9542,66
9543,66
9544,258
9545,258
9546,352
9547,352
9548,66
9549,66
9550,258
9551,258
9552,352
9553,352
9554,66
9555,66
9556,257
9557,257
9558,352
9559,352
9560,66
9561,66
9562,257
9563,257
9564,352
9565,352
9566,66
9567,66
9568,257
9569,257
9570,352
9571,352
9572,66
9573,66
9574,257
9575,257
9576,352
9577,352
9578,66
9579,66
9580,257
9581,257
9582,352
9583,352
9584,66
9585,66
9586,256
9587,256
9588,352
9589,352
9590,66
9591,66
9592,256
9593,256
9594,352
9595,352
9596,66
9597,66
9598,256
9599,256
9600,352
9601,352
9602,66
9603,66
9604,256
9605,256
9606,352
9607,352
9608,66
9609,66
9610,256
9611,256
9612,352
9613,352
9614,66
9615,66
9616,256
9617,256
9618,352
9619,352
9620,66
9621,66
9622,256
9623,256
9624,352
9625,352
9626,66
9627,66
9628,256
9629,256
9630,352
9631,352
9632,66
9633,66
9634,256
9635,256
9636,352
9637,352
9638,66
9639,66
9640,256
9641,256
9642,352
9643,352
9644,66
9645,66
9646,256
9647,256
9648,352
9649,352
9650,66
9651,66
9652,256
9653,256
9654,352
9655,352
9656,66
9657,66
9658,256
9659,256
9660,352
9661,352
9662,66
9663,66
9664,255
9665,255
9666,352
9667,352
9668,66
9669,66
9670,253
9671,253
9672,352
9673,352
9674,66
9675,66
9676,253
9677,253
9678,352
9679,352
9680,66
9681,66
9682,253
9683,253
9684,352
9685,352
9686,66
9687,66
9688,253
9689,253
9690,352
9691,352
9692,66
9693,66
9694,253
9695,253
9696,352
9697,352
9698,66
9699,66
9700,253
9701,253
9702,352
9703,352
9704,66
9705,66
9706,253
9707,253
9708,352
9709,352
9710,66
9711,66
9712,253
9713,253
9714,352
9715,352
9716,66
9717,66
9718,82
9719,82
9720,132
9721,132
9722,86
9723,86
9724,136
9725,136
9726,85
9727,85
9728,135
9729,135
9730,391
9731,391
9732,1514
9733,2962
9734,2962
9735,2962
9736,2962
9737,2962
9738,2962
9739,2962
9740,2962
9741,2962
9742,2962
9743,2962
9744,2962
9745,1514
9746,66
9747,66
9748,66
9749,66
9750,1514
9751,2962
9752,2962
9753,2962
9754,2962
9755,1514
9756,1514
9757,2962
9758,2962
9759,66
9760,66
9761,66
9762,66
9763,2962
9764,66
9765,2962
9766,2962
9767,2962
9768,2962
9769,2962
9770,2962
9771,1514
9772,66
9773,66
9774,66
9775,66
9776,66
9777,1514
9778,2962
9779,2962
9780,2962
9781,1514
9782,1514
9783,2962
9784,2962
9785,2962
9786,1514
9787,66
9788,66
9789,66
9790,66
9791,1514
9792,2962
9793,2962
9794,2962
9795,2962
9796,2962
9797,2962
9798,2962
9799,66
9800,66
9801,66
9802,66
9803,66
9804,66
9805,66
9806,66
9807,1514
9808,1514
9809,3423
9810,1975
9811,1514
9812,1514
9813,1514
9814,758
9815,1514
9816,758
9817,66
9818,66
9819,1514
9820,2962
9821,2962
9822,2962
9823,2962
9824,1514
9825,1514
9826,2962
9827,2962
9828,2962
9829,2962
9830,2962
9831,2962
9832,66
9833,2895
9834,66
9835,66
9836,1447
9837,66
9838,66
9839,66
9840,398
9841,398
9842,152
9843,152
9844,66
9845,66
9846,399
9847,399
9848,152
9849,152
9850,66
9851,66
9852,392
9853,392
9854,672
9855,672
9856,66
9857,66
9858,399
9859,399
9860,152
9861,152
9862,66
9863,66
9864,390
9865,390
9866,978
9867,978
9868,66
9869,66
9870,399
9871,399
9872,152
9873,152
9874,66
9875,66
9876,391
9877,391
9878,1361
9879,1361
9880,66
9881,66
9882,377
9883,377
9884,1017
9885,1017
9886,66
9887,66
9888,399
9889,399
9890,152
9891,152
9892,66
9893,66
9894,376
9895,376
9896,600
9897,600
9898,66
9899,66
9900,391
9901,391
9902,1584
9903,1584
9904,66
9905,66
9906,293
9907,293
9908,343
9909,343
9910,66
9911,66
9912,275
9913,275
9914,407
9915,407
9916,66
9917,66
9918,297
9919,297
9920,457
9921,457
9922,66
9923,66
9924,223
9925,223
9926,215
9927,215
9928,66
9929,66
9930,236
9931,236
9932,305
9933,305
9934,66
9935,66
9936,220
9937,220
9938,298
9939,298
9940,66
9941,66
9942,421
9943,421
9944,622
9945,622
9946,66
9947,66
9948,425
9949,425
9950,626
9951,626
9952,66
9953,66
9954,416
9955,416
9956,625
9957,625
9958,66
9959,66
9960,92
9961,92
9962,92
9963,92
9964,92
9965,92
9966,92
9967,92
9968,92
9969,92
9970,92
9971,92
9972,279
9973,279
9974,279
9975,279
9976,279
9977,279
9978,279
9979,279
9980,279
9981,279
9982,279
9983,279
9984,80
9985,80
9986,130
9987,130
9988,86
9989,86
9990,136
9991,136
9992,85
9993,85
9994,135
9995,135
9996,74
9997,74
9998,90
9999,90
